trade_date,close,change,30MA,MACD,slowj,score,n_vol,n_amount,Go
20170103,49.83,0.15,49.21266667,-1.227818018,35.92290022,0.44565,-0.611891365,-0.526619001,0
20170104,50.8,0.97,49.21266667,-1.087233789,72.74273321,0.459434483,-0.172013671,-0.173967616,0
20170105,50.43,-0.37,49.21266667,-0.99421499,79.62575883,0.355446875,-0.589868558,-0.50493446,1
20170106,49.8,-0.63,49.21266667,-0.960263339,66.35377383,0.351366667,-0.56411465,-0.488032684,1
20170109,49.91,0.11,49.21266667,-0.913944942,38.79376241,0.38947037,-0.678686799,-0.579181925,0
20170110,49.65,-0.26,49.21266667,-0.887981013,21.94650193,0.339916667,-0.708551607,-0.603479859,1
20170111,49.43,-0.22,49.21266667,-0.875069319,18.25528007,0.472890625,-0.773420743,-0.655168427,1
20170112,48.96,-0.47,49.21266667,-0.892473898,-5.699395455,0.5298,-0.640758534,-0.553637948,1
20170113,48.91,-0.05,49.21266667,-0.899927925,-12.58436242,0.52860625,-0.680471563,-0.585421355,1
20170116,47.76,-1.15,49.21266667,-0.987250277,8.983730673,0.352918519,-0.534171187,-0.479325303,1
20170117,48.2,0.44,49.21266667,-1.009314795,42.49405928,0.510137209,-0.729479234,-0.628494439,0
20170118,48.11,-0.09,49.21266667,-1.022279135,59.06055912,0.5532,-0.793880471,-0.676191777,1
20170119,48.1,-0.01,49.21266667,-1.021584197,55.59815164,0.627765217,-0.84828493,-0.717667837,1
20170120,48.58,0.48,49.21266667,-0.971107147,59.59648435,0.441328,-0.764002073,-0.652358556,0
20170123,48.86,0.28,49.21266667,-0.89815667,76.60155521,0.496645455,-0.776246908,-0.659746144,0
20170124,48.65,-0.21,49.21266667,-0.847518471,82.22387486,0.461225,-0.754423445,-0.644241482,1
20170125,48.9,0.25,49.21266667,-0.778243318,90.15291208,0.25322,-0.704035915,-0.604679511,0
20170126,48.68,-0.22,49.21266667,-0.732648902,85.33746932,0.463511111,-0.604733075,-0.529599241,1
20170203,48.35,-0.33,49.21266667,-0.714902291,61.47678551,0.6205125,-0.713099429,-0.613819914,1
20170206,48.67,0.32,49.21266667,-0.667324152,40.08816914,0.6808,-0.640163498,-0.557143437,0
20170207,49.34,0.67,49.21266667,-0.568995704,46.02486,0.563145,-0.110156224,-0.141348454,0
20170208,50.5,1.16,49.21266667,-0.392937853,89.02729092,0.4351625,-0.191353112,-0.203730648,0
20170209,49.98,-0.52,49.21266667,-0.292004347,91.99091811,0.477890476,-0.228819351,-0.223660892,1
20170210,49.63,-0.35,49.21266667,-0.237517933,64.7866929,0.339194737,-0.492883101,-0.434675668,1
20170213,49.73,0.1,49.21266667,-0.184145182,40.72722439,0.3864,-0.471557824,-0.41770884,0
20170214,49.54,-0.19,49.21266667,-0.155387098,38.16721431,0.358296296,-0.560567002,-0.488856396,1
20170215,48.75,-0.79,49.21266667,-0.194104986,21.73136992,0.421648148,-0.196116861,-0.211365831,1
20170216,48.9,0.15,49.832,-0.210261679,5.36033021,0.4301,-0.624283837,-0.542721283,0
20170217,48.56,-0.34,49.832,-0.247646419,-14.48110449,0.351905263,-0.611045278,-0.534220855,1
20170220,49.16,0.6,49.832,-0.226251028,12.82620905,0.313542857,-0.627686498,-0.545643669,0
20170221,50.04,0.88,49.832,-0.136710468,65.52633383,0.342138095,0.186626484,0.101255359,0
20170222,49.97,-0.07,49.832,-0.0705837,112.4850794,0.390655556,-0.490112329,-0.431373395,1
20170223,50.31,0.34,49.832,0.009151902,133.1058368,0.379211111,-0.381625631,-0.344798512,0
20170224,50.22,-0.09,49.832,0.064339033,109.8098767,0.421975,-0.648770628,-0.554703569,1
20170227,50.27,0.05,49.832,0.110832209,73.20292604,0.451804348,0.120358948,0.066307484,0
20170228,50.11,-0.16,49.832,0.133231909,43.66067909,0.576548387,-0.482931697,-0.422370237,1
20170301,50.19,0.08,49.832,0.155644985,31.70687135,0.582416,-0.473148082,-0.415809396,0
20170302,49.75,-0.44,49.832,0.13633164,33.76670844,0.493221429,-0.512930783,-0.44896928,1
20170303,51.01,1.26,49.832,0.220159286,63.69111361,0.527655556,0.279114674,0.185736597,0
20170306,50.9,-0.11,49.832,0.27455235,68.70691566,0.473577273,-0.177814559,-0.17219803,1
20170307,51,0.1,49.832,0.322016405,84.6569148,0.593592308,-0.485216145,-0.418527176,0
20170308,50.84,-0.16,49.832,0.342770107,63.93767788,0.403016667,-0.450445594,-0.389832282,1
20170309,50.17,-0.67,49.832,0.301676624,31.27135227,0.4298,-0.506130989,-0.441042224,1
20170310,50.19,0.02,49.832,0.267638407,10.35485748,0.515768421,-0.450908541,-0.398536958,0
20170313,49.84,-0.35,49.832,0.21000005,4.800917846,0.412241667,-0.301193066,-0.285739115,1
20170314,49.76,-0.08,49.832,0.156066864,22.27393187,0.322721739,-0.562544661,-0.488425949,1
20170315,49.47,-0.29,49.832,0.088899076,21.94258582,0.432134783,-0.614032092,-0.53124096,1
20170316,50.02,0.55,49.832,0.079136289,30.32519555,0.423642308,-0.481497252,-0.424507683,0
20170317,49.49,-0.53,49.832,0.028306342,25.1172682,0.474526316,-0.384651255,-0.348859799,1
20170320,49.19,-0.3,49.832,-0.035771894,17.375134,0.4044,-0.441085426,-0.399858965,1
20170321,49.3,0.11,49.832,-0.076793055,3.740496657,0.360663158,-0.602510007,-0.524325487,0
20170322,48.9,-0.4,49.832,-0.139965838,-1.059156534,0.565357692,-0.599912782,-0.524177063,1
20170323,49.45,0.55,49.832,-0.143990488,34.51051895,0.48648125,-0.4067184,-0.370905616,0
20170324,49.65,0.2,49.832,-0.12954837,61.29325624,0.538377778,-0.572439521,-0.498142388,0
20170327,49.6,-0.05,49.832,-0.12074559,82.24786584,0.485414286,-0.62680448,-0.539102679,1
20170328,49.9,0.3,49.832,-0.088541183,86.21402301,0.63627619,-0.599071762,-0.517349477,0
20170329,48.8,-1.1,49.832,-0.150050081,37.13263826,0.572635135,-0.061313119,-0.110842702,1
20170330,47.82,-0.98,50.18533333,-0.274707479,1.588205615,0.336252174,-0.268792528,-0.28073701,1
20170331,48.02,0.2,50.18533333,-0.353288546,-26.11102774,0.464195,-0.519998902,-0.470004635,0
20170405,49.4,1.38,50.18533333,-0.300743359,37.21204263,0.429243478,-0.174328752,-0.192103139,0
20170406,49.48,0.08,50.18533333,-0.249766436,89.89929903,0.526413793,-0.458720255,-0.410423929,0
20170407,49.6,0.12,50.18533333,-0.197408261,112.2351924,0.501192857,-0.548333337,-0.479046335,0
20170410,49.65,0.05,50.18533333,-0.150148627,91.78555988,0.608667742,-0.550152189,-0.480683346,0
20170411,53.01,3.36,50.18533333,0.156623434,82.90288386,0.39027619,1.970785509,1.637110686,0
20170412,52.98,-0.03,50.18533333,0.392793871,81.72166979,0.51382,0.279566221,0.232782493,1
20170413,52.45,-0.53,50.18533333,0.531072203,74.23522442,0.504646667,-0.368926256,-0.30989393,1
20170414,51.35,-1.1,50.18533333,0.545608535,54.9490119,0.367544444,-0.258289618,-0.226129099,1
20170417,51.38,0.03,50.18533333,0.5531728,37.73544726,0.603395,-0.517277073,-0.441887452,0
20170418,51.6,0.22,50.18533333,0.570345113,32.50006567,0.64199375,-0.272022333,-0.234615309,0
20170419,51.26,-0.34,50.18533333,0.550177038,32.66087713,0.573804348,-0.260840433,-0.236281224,1
20170420,51.95,0.69,50.18533333,0.58314875,44.50053581,0.343081818,-0.374623384,-0.327701176,0
20170421,51.97,0.02,50.18533333,0.60393116,46.20462941,0.413731579,-0.281603265,-0.240306244,0
20170424,50.84,-1.13,50.18533333,0.523188819,27.81105409,0.50663125,-0.373124218,-0.322675727,1
20170425,51.18,0.34,50.18533333,0.481089391,17.34827466,0.444715385,-0.550114762,-0.468638794,0
20170426,52.52,1.34,50.18533333,0.549517596,54.83950864,0.5416,-0.007060097,-0.012773121,0
20170427,52.09,-0.43,50.18533333,0.562565134,90.8142367,0.449653846,-0.364472635,-0.311230468,1
20170428,51.88,-0.21,50.18533333,0.549624428,92.41859239,0.449961905,-0.335693449,-0.290257429,1
20170502,49.7,-2.18,50.18533333,0.359319039,14.38431718,0.3760125,0.209070435,0.122596609,1
20170503,48.8,-0.9,50.18533333,0.134329699,-21.13507639,0.194211111,-0.252661702,-0.257895365,1
20170504,48.71,-0.09,50.18533333,-0.05065431,-32.62602898,0.468569231,-0.611053684,-0.533367949,1
20170505,48.34,-0.37,50.18533333,-0.224523214,-10.10483938,0.358426667,-0.677583902,-0.586477383,1
20170508,48.79,0.45,50.18533333,-0.322289185,6.24873161,0.357790323,-0.647484856,-0.561622443,0
20170509,49,0.21,50.18533333,-0.378461507,14.61986612,0.471875862,-0.763653942,-0.650735041,0
20170510,48,-1,50.18533333,-0.49793029,10.54330562,0.545532258,-0.5992422,-0.525340709,1
20170511,47.83,-0.17,50.18533333,-0.599418022,16.39482814,0.428126316,-0.334164688,-0.337655033,1
20170512,48.03,0.2,50.18533333,-0.656145812,26.37143991,0.511284211,-0.704520513,-0.610332593,0
20170515,47.93,-0.1,50.18533333,-0.701090425,55.51322943,0.344147826,-0.830502579,-0.70406568,1
20170516,48.65,0.72,50.08933333,-0.670877908,85.74793457,0.52626129,-0.691332164,-0.599741287,0
20170517,48.86,0.21,50.08933333,-0.622809664,99.31014851,0.391808333,-0.560797439,-0.492644714,0
20170518,48.37,-0.49,50.08933333,-0.617140132,88.61469679,0.594428,-0.810880187,-0.687693597,1
20170519,48.55,0.18,50.08933333,-0.591306281,66.63709796,0.567992683,-0.780506137,-0.665175411,0
20170522,48.39,-0.16,50.08933333,-0.577091083,53.27588588,0.480142308,-0.765054184,-0.653532923,1
20170523,48.79,0.4,50.08933333,-0.527468452,70.09694258,0.460121739,-0.525888119,-0.473277609,0
20170524,48.8,0.01,50.08933333,-0.481781565,68.79194631,0.552055556,-0.670550331,-0.580441771,0
20170525,48.75,-0.05,50.08933333,-0.444485211,66.78562551,0.426521875,-0.660426761,-0.573404669,1
20170526,49.11,0.36,50.08933333,-0.381481113,70.62000639,0.58,-0.580864352,-0.509342285,0
20170531,49.85,0.74,50.08933333,-0.268740227,92.62664051,0.407818182,-0.407503337,-0.36979075,0
20170601,49.33,-0.52,50.08933333,-0.218829387,92.64785473,0.462628125,-0.60457208,-0.523764595,1
20170602,49.44,0.11,50.08933333,-0.168456742,81.4234396,0.458365625,-0.758486093,-0.645199995,0
20170605,50.2,0.76,50.08933333,-0.066444478,84.49692685,0.3002,-0.463448649,-0.409949597,0
20170606,50,-0.2,50.08933333,-0.001717554,97.65779889,0.418615152,-0.73911003,-0.626199009,1
20170607,50.5,0.5,50.08933333,0.088900036,108.9971143,0.516494737,-0.515671038,-0.447603532,0
20170608,50.5,0,50.08933333,0.158883618,96.77153013,0.4073125,-0.733169682,-0.619576,1
20170609,50.24,-0.26,50.08933333,0.19116268,80.44264081,0.432416667,-0.604090477,-0.518954588,1
20170612,50.5,0.26,50.08933333,0.235014791,72.96740505,0.3324,-0.413616426,-0.36807438,0
20170613,51.82,1.32,50.08933333,0.371992773,69.45114306,0.533242105,-0.076792941,-0.081069272,0
20170614,51.6,-0.22,50.08933333,0.457522613,72.97978677,0.577481818,-0.000789237,-0.007976187,1
20170615,51.7,0.1,50.08933333,0.527296446,64.57913931,0.476863333,-0.594722132,-0.501279995,0
20170616,51.05,-0.65,50.08933333,0.524101627,38.81556916,0.612023913,-0.460404139,-0.39343946,1
20170619,51.23,0.18,50.08933333,0.52998487,34.77454331,0.521663636,-0.631317063,-0.53338695,0
20170620,50.58,-0.65,50.08933333,0.476702682,18.37353161,0.398007692,-0.474074091,-0.407918208,1
20170621,50.95,0.37,50.08933333,0.459040539,28.81448653,0.47565,-0.42989535,-0.375639132,0
20170622,50.77,-0.18,50.08933333,0.425612472,26.56205911,0.393365854,-0.41306849,-0.360484052,1
20170623,50.6,-0.17,50.08933333,0.381010853,21.9628354,0.432931818,-0.520246729,-0.450694214,1
20170626,51.52,0.92,50.08933333,0.415114874,36.55228133,0.654119231,-0.271442267,-0.242950881,0
20170627,51.47,-0.05,50.08933333,0.433115291,62.71463197,0.485907407,-0.516569639,-0.438051851,1
20170628,50.56,-0.91,50.08933333,0.369689802,55.98737084,0.327833333,-0.50766689,-0.438475191,1
20170629,50.31,-0.25,49.659,0.295841458,14.59417917,0.531438095,-0.575078896,-0.494173484,1
20170630,49.95,-0.36,49.659,0.205893708,-15.21088862,0.419271429,-0.398711603,-0.361239641,1
20170703,50.03,0.08,49.659,0.139457223,5.657670615,0.595325,-0.754570851,-0.638332897,0
20170704,50.5,0.47,49.659,0.123309467,41.19635611,0.56817,-0.479864615,-0.416365556,0
20170705,51.18,0.68,49.659,0.16349787,72.39888516,0.636017241,-0.450931689,-0.389662084,0
20170706,50.85,-0.33,49.659,0.166796501,79.96430165,0.408954545,-0.386686149,-0.338270492,1
20170707,50.67,-0.18,49.659,0.153121108,66.97902722,0.501461538,-0.670397167,-0.568617745,1
20170710,50.05,-0.62,49.659,0.09120311,26.70551487,0.412717391,-0.611291492,-0.524231985,1
20170711,50.09,0.04,49.659,0.04484339,14.56545135,0.388583871,-0.74423596,-0.629193619,0
20170712,49.84,-0.25,49.659,-0.011932384,8.066412895,0.479165217,-0.538944609,-0.470974451,1
20170713,49.86,0.02,49.659,-0.054683405,14.85025068,0.41893871,-0.762948235,-0.645496367,0
20170714,50.57,0.71,49.659,-0.030916445,41.93899782,0.480225,-0.509703627,-0.441535281,0
20170717,49,-1.57,49.659,-0.137185449,24.59492751,0.563525,-0.342085459,-0.32009153,1
20170718,48.97,-0.03,49.659,-0.221274435,14.12032089,0.495435714,-0.733667638,-0.626773535,1
20170719,49.59,0.62,49.659,-0.235175784,9.35964242,0.530624,-0.672887408,-0.577644306,0
20170720,50.08,0.49,49.659,-0.204298769,60.88632172,0.430754286,-0.635914404,-0.545359866,0
20170721,50.49,0.41,49.659,-0.145072632,105.5460142,0.54975641,-0.389643253,-0.345358404,0
20170724,49.89,-0.6,49.659,-0.144880387,87.03508772,0.320015,-0.394072228,-0.35692739,1
20170725,49.39,-0.5,49.659,-0.182964748,44.42901235,0.523764706,-0.606388399,-0.525411721,1
20170726,48.9,-0.49,49.659,-0.249806174,-4.757575758,0.499416667,-0.449805069,-0.408497151,1
20170727,49.1,0.2,49.659,-0.283373602,-8.363636364,0.404489474,-0.612813344,-0.533113149,0
20170728,49.47,0.37,49.659,-0.276927871,18.22863556,0.4059,-0.704427348,-0.602510652,0
20170731,49,-0.47,49.659,-0.306214801,27.7639891,0.489162069,-0.451965143,-0.408916018,1
20170801,49.06,0.06,49.659,-0.32088445,24.29052429,0.52168125,-0.531498992,-0.47069654,0
20170802,48.5,-0.56,49.659,-0.373393326,-3.338104548,0.4480125,-0.445707872,-0.407944365,1
20170803,48.67,0.17,49.659,-0.396716311,0.442243392,0.486407143,-0.462405752,-0.422056102,0
20170804,48.51,0.02,49.659,-0.423231853,-0.220283321,0.585225,-0.741730057,-0.635179714,0
20170807,48.91,0.4,49.659,-0.407274152,31.15483378,0.41894,-0.698730565,-0.600719036,0
20170808,49.21,0.3,49.659,-0.366198755,67.22679748,0.434614286,-0.587548755,-0.513723983,0
20170809,49.13,-0.08,49.659,-0.336225737,87.16829842,0.587972222,-0.705317657,-0.604567569,1
20170810,48.73,-0.4,50.57866667,-0.340819803,55.37683094,0.552564706,-0.715983175,-0.613965109,1
20170811,47.85,-0.88,50.57866667,-0.410734586,4.842006289,0.42956,-0.367146558,-0.354869136,1
20170814,48.2,0.35,50.57866667,-0.432910162,-2.282088334,0.58429375,-0.734559214,-0.631878805,0
20170815,48,-0.2,50.57866667,-0.461305155,10.01012514,0.316385714,-0.680463272,-0.591549184,1
20170816,48.26,0.26,50.57866667,-0.457554165,37.70380661,0.474172727,-0.68596716,-0.595787136,0
20170817,48.32,0.06,50.57866667,-0.444614738,40.78921618,0.485272727,-0.747373521,-0.641193065,0
20170818,48.55,0.23,50.57866667,-0.411062598,58.59702399,0.392885714,-0.684795052,-0.592118882,0
20170821,48.66,0.11,50.57866667,-0.371315905,67.58414431,0.36514,-0.659529081,-0.571807858,0
20170822,48.16,-0.5,50.57866667,-0.375829853,51.1880189,0.560854545,-0.615225851,-0.539879007,1
20170823,48.27,0.11,50.57866667,-0.366308533,42.33324996,0.600773913,-0.806430252,-0.685832881,0
20170824,48,-0.27,50.57866667,-0.376212814,19.75383459,0.559190909,-0.658856195,-0.57471425,1
20170825,48.68,0.68,50.57866667,-0.325440239,58.61815853,0.50268,-0.434531846,-0.399449407,0
20170828,49.35,0.67,50.57866667,-0.228505141,90.6303273,0.43515,-0.311303969,-0.298269554,0
20170829,48.42,-0.93,50.57866667,-0.224142827,75.1068797,0.3350775,-0.191367508,-0.217797882,1
20170830,48.39,-0.03,50.57866667,-0.220563887,30.34419831,0.35483,-0.614376769,-0.540501655,1
20170831,48.49,0.1,50.57866667,-0.207269118,-2.33757619,0.480259091,-0.711972233,-0.61304788,0
20170901,48.29,-0.2,50.57866667,-0.210445364,13.35981236,0.505516,-0.663762974,-0.577457993,1
20170904,48.76,0.47,50.57866667,-0.173042759,44.24484365,0.525078261,-0.481451072,-0.434532063,0
20170905,48.88,0.12,50.57866667,-0.132194078,59.21490353,0.42555,-0.677226903,-0.584511889,0
20170906,50.3,1.42,50.57866667,0.014592713,93.57225572,0.47962,0.432571038,0.295023879,0
20170907,49.57,-0.73,50.57866667,0.071196692,78.61140464,0.4679,-0.27672067,-0.26525115,1
20170908,49.82,0.25,50.57866667,0.134676201,69.14107195,0.449915385,-0.558413146,-0.487376904,0
20170911,51.85,2.03,50.57866667,0.344813409,59.45701273,0.479972222,1.14073152,0.926942863,0
20170912,55.81,3.96,50.57866667,0.821418761,85.03048268,0.707267568,4.657005106,4.097683847,0
20170913,54.88,-0.93,50.57866667,1.111278581,89.92752126,0.561283333,1.67414871,1.466614252,1
20170914,54.47,-0.41,50.57866667,1.293006034,80.26863478,0.5317,0.632337657,0.575282272,1
20170915,53.4,-1.07,50.57866667,1.335293857,54.34468485,0.36983913,0.40001296,0.346623885,1
20170918,57.93,4.53,50.57866667,1.714575839,74.72999784,0.693882609,3.241702856,2.937880038,0
20170919,57.25,-0.68,50.57866667,1.937949746,89.5817637,0.440910714,1.431120722,1.352937249,1
20170920,61.82,4.57,50.57866667,2.455431301,109.3343887,0.569886667,5.264721617,5.20765423,0
20170921,62.57,0.75,66.09033333,2.892712504,92.01770178,0.521884,4.103822955,4.192626066,0
20170922,62.32,-0.25,66.09033333,3.182403333,82.9356525,0.490044444,2.295820312,2.44345334,1
20170925,60.29,-2.03,66.09033333,3.211165055,63.70453487,0.490138462,1.817419317,1.881123778,1
20170926,65,4.71,66.09033333,3.57283119,81.87242645,0.520962963,3.363095873,3.520587032,0
20170927,67.87,2.87,66.09033333,4.044417693,85.69024531,0.568522727,4.41832433,4.993457963,0
20170928,68.95,1.08,66.09033333,4.453957914,102.0129567,0.539688095,2.696211614,3.145708603,0
20170929,68.3,-0.65,66.09033333,4.672213552,82.11629519,0.522108108,2.346027845,2.758238486,1
20171009,72.08,3.78,66.09033333,5.091505422,87.2217657,0.643264286,3.303908318,4.064216158,0
20171010,70.62,-1.46,66.09033333,5.245520358,81.92653124,0.50055,1.611470511,2.091733955,1
20171011,68.65,-1.97,66.09033333,5.149258323,68.94277638,0.3681375,1.596730253,1.995434573,1
20171012,68.3,-0.35,66.09033333,4.987238116,52.17684558,0.617134783,1.585622287,1.95169681,1
20171013,67.72,-0.58,66.09033333,4.757196779,45.77036143,0.526975,0.79811325,1.082534067,1
20171016,67.4,-0.32,66.09033333,4.497224827,24.47699893,0.609256522,1.270746294,1.608244697,1
20171017,67.37,-0.03,66.09033333,4.239899511,-0.387079882,0.57638125,0.284004179,0.541789051,1
20171018,67.43,0.06,66.09033333,3.994759739,-14.60959505,0.437008696,0.580661937,0.870955284,0
20171019,65.15,-2.28,66.09033333,3.575293995,-10.52044566,0.571795238,1.217743229,1.474046824,1
20171020,68.55,3.4,66.09033333,3.477133722,36.59819425,0.451748,1.461862712,1.764928343,0
20171023,66.91,-1.64,66.09033333,3.22977586,48.24626773,0.486286667,0.951088356,1.243976288,1
20171024,65.06,-1.85,66.09033333,2.851592054,49.12332251,0.363366667,1.309019465,1.552950966,1
20171025,65.48,0.42,66.09033333,2.556301699,21.02071206,0.363307143,0.312082726,0.528077607,0
20171026,65.8,0.32,66.09033333,2.321344279,23.23019633,0.369590909,0.783265432,1.01111127,0
20171027,65.13,-0.67,66.09033333,2.057359471,32.42588972,0.596168421,0.29107011,0.511157149,1
20171030,62.53,-2.6,66.09033333,1.619680667,17.38596314,0.335315625,1.312702543,1.458350786,1
20171031,63,0.47,66.09033333,1.295804901,7.3488446,0.355411429,0.13803869,0.302382277,0
20171101,64.2,1.2,66.09033333,1.12301557,23.00920566,0.564678788,0.684655169,0.894215665,0
20171102,63.32,-0.88,66.09033333,0.904641985,33.36827589,0.663725,0.112174574,0.285967631,1
20171103,64.25,0.93,66.09033333,0.797430294,47.89761369,0.461615789,0.557173937,0.763538747,0
20171106,65.57,1.32,66.09033333,0.80964415,71.75879259,0.36434,0.503706888,0.725546004,0
20171107,65.52,-0.05,66.09033333,0.805998093,97.57117413,0.45294,0.262082598,0.480160585,1
20171108,67.37,1.85,66.09033333,0.94153468,109.1751328,0.580703226,1.492151773,1.815070786,0
20171109,67.99,0.62,64.84,1.086453263,92.90225751,0.495291304,0.874631263,1.187196649,0
20171110,67.65,-0.34,64.84,1.160489722,83.89907863,0.474711111,0.471436598,0.739115813,1
20171113,70.1,2.45,64.84,1.400712136,92.40403173,0.414404762,1.715887651,2.141460895,0
20171114,68,-2.1,64.84,1.405436682,79.54522766,0.545464706,0.939821238,1.280610915,1
20171115,63.96,-4.04,64.84,1.070842674,29.22827934,0.478688462,1.633739072,1.874065513,1
20171116,64.23,0.27,64.84,0.818031498,-14.92744518,0.526653571,0.308145718,0.49315968,0
20171117,63.59,-0.64,64.84,0.559583636,-29.38258728,0.508709524,0.304032513,0.506164355,1
20171120,69.49,5.9,64.84,0.821374244,61.18162831,0.525336842,2.199673803,2.56443339,0
20171121,72.3,2.81,64.84,1.24128,111.4377272,0.581253333,3.129103415,3.845318838,0
20171122,72.79,0.49,64.84,1.595208669,140.905874,0.504394118,2.277839424,2.925729392,0
20171123,70.61,-2.18,64.84,1.68042106,93.12712969,0.446356522,1.439846469,1.941847243,1
20171124,70.7,0.09,64.84,1.735212295,66.09403712,0.560733333,1.421384438,1.89492332,0
20171127,63.63,-7.07,64.84,1.194376797,9.576594225,0.289258333,2.930039738,3.27326939,1
20171128,64.73,1.1,64.84,0.844783438,-4.011654739,0.4262,1.530172857,1.697721882,0
20171129,64.35,-0.38,64.84,0.530944955,-14.2777548,0.424815385,0.610804629,0.801539946,1
20171130,62.22,-2.13,64.84,0.109094919,4.253924871,0.503731579,0.507096767,0.668014436,1
20171201,63.35,1.13,64.84,-0.132515165,7.319649728,0.467326667,0.083495002,0.251642539,0
20171204,63.43,0.08,64.84,-0.313918904,4.751401526,0.300552632,0.027875364,0.213546073,0
20171205,62.69,-0.74,64.84,-0.511498257,12.01301997,0.350003125,0.185322747,0.35741941,1
20171206,60.9,-1.79,64.84,-0.803259877,17.99493908,0.468371429,2.153978047,2.158097882,1
20171207,59.07,-1.83,64.84,-1.168676989,11.25592063,0.312815,0.264681781,0.358107856,1
20171208,59.75,0.68,64.84,-1.387409176,24.05666363,0.486447059,0.368600964,0.466976541,0
20171211,62.59,2.84,64.84,-1.316416911,56.95536776,0.418940741,0.667934948,0.798915782,0
20171212,62.07,-0.52,64.84,-1.287275769,83.83454795,0.38890625,0.661408201,0.817921531,1
20171213,63,0.93,64.84,-1.175586547,101.0151576,0.285035294,-0.0285899,0.132780777,0
20171214,63.66,0.66,64.84,-1.022034176,93.1634162,0.445166667,0.140483097,0.313288881,0
20171215,62.75,-0.91,64.84,-0.962675091,88.08405112,0.467620833,0.197275188,0.354278483,1
20171218,62.51,-0.24,64.84,-0.924343329,81.03973847,0.482652941,-0.286934066,-0.120335127,1
20171219,62.29,-0.22,64.84,-0.901327351,64.29077658,0.537430769,-0.379674344,-0.215236409,1
20171220,60.8,-1.49,64.84,-0.991883752,36.44281203,0.28543125,-0.051675873,0.091736111,1
20171221,62,1.2,64.62466667,-0.955802486,29.93361225,0.407972727,-0.138533729,0.00991853,0
20171222,62.2,0.2,64.62466667,-0.900686935,35.15235972,0.420263158,-0.38608236,-0.220392761,0
20171225,61.99,-0.21,64.62466667,-0.863993134,58.22387164,0.405513333,-0.443213025,-0.278206913,1
20171226,63.36,1.37,64.62466667,-0.716110604,83.95760851,0.4386,0.132413998,0.304686011,0
20171227,67.11,3.75,64.62466667,-0.29294212,87.30728527,0.515263333,2.027121909,2.331076309,0
20171228,65.68,-1.43,64.62466667,-0.072135562,80.84660544,0.61863871,1.092896764,1.379369986,1
20171229,65.05,-0.63,64.62466667,0.051426676,49.96080192,0.48085625,0.16576519,0.367661909,1
20180102,65.85,0.8,64.62466667,0.211466302,45.1232177,0.529436842,0.414605812,0.644311741,0
20180103,66.12,0.27,64.62466667,0.355982063,58.76854773,0.486692857,0.699844901,0.939020734,0
20180104,65.05,-1.07,64.62466667,0.37979376,52.85834319,0.490647826,0.314141688,0.529406937,1
20180105,64.38,-0.67,64.62466667,0.340674222,33.04182508,0.547523077,0.158133473,0.34809114,1
20180108,65.21,0.83,64.62466667,0.372353509,24.41751037,0.480594444,0.5251532,0.747447062,0
20180109,65.42,0.21,64.62466667,0.409682256,27.73666382,0.541,0.03651497,0.244983873,0
20180110,65.67,0.25,64.62466667,0.454202701,36.96850128,0.583887755,0.036005729,0.243900208,0
20180111,65.4,-0.27,64.62466667,0.462368831,42.62313104,0.522589655,-0.170896609,0.032488345,1
20180112,67.08,1.68,64.62466667,0.59751473,77.69920668,0.518829412,1.207351218,1.51194602,0
20180115,65.14,-1.94,64.62466667,0.541831149,60.73899012,0.654335714,0.699624252,0.950117364,1
20180116,64.8,-0.34,64.62466667,0.464907191,32.01153487,0.5537625,0.055061299,0.256826909,1
20180117,63.75,-1.05,64.62466667,0.315580361,-6.501073295,0.44675,0.29235427,0.466622558,1
20180118,63.17,-0.58,64.62466667,0.148722243,-2.522039842,0.517864286,-0.200806561,-0.021894006,1
20180119,63.2,0.03,64.62466667,0.01869127,6.640096042,0.355077778,-0.446460679,-0.271521368,0
20180122,66.6,3.4,64.62466667,0.187827216,52.79324395,0.6389,0.938776037,1.181302488,0
20180123,66.81,0.21,64.62466667,0.33495279,94.4146293,0.618019048,0.372891171,0.622198726,0
20180124,66.51,-0.3,64.62466667,0.422473365,114.6690519,0.456593333,-0.169539783,0.045728153,1
20180125,65.64,-0.87,64.62466667,0.416827395,73.68316438,0.617691304,-0.118599596,0.099028384,1
20180126,65.5,-0.14,64.62466667,0.396485654,51.39822616,0.588633333,-0.317611911,-0.116725458,1
20180129,62.9,-2.6,64.62466667,0.168622629,9.373176627,0.53035625,0.392478899,0.577465984,1
20180130,63.45,0.55,64.62466667,0.032050486,-3.821854706,0.469583333,-0.406073844,-0.228168964,0
20180131,63.04,-0.41,64.62466667,-0.108022281,-21.83784723,0.507614286,-0.424259948,-0.247846641,1
20180201,60.66,-2.38,64.62466667,-0.406392429,0.636043077,0.44637619,0.412799282,0.528748131,1
20180202,61.9,1.24,62.82433333,-0.536609582,20.02241106,0.58705,-0.246645578,-0.09449478,0
20180205,61.47,-0.43,62.82433333,-0.666818354,27.59191565,0.59238,-0.581886291,-0.419762926,1
20180206,58.51,-2.96,62.82433333,-0.99736006,14.35859163,0.520758333,0.147948982,0.247667534,1
20180207,58.9,0.39,62.82433333,-1.213854445,8.622471026,0.821529412,-0.104256758,0.004168732,0
20180208,59.51,0.61,62.82433333,-1.320978484,17.81480459,0.598014286,-0.520137787,-0.375241797,0
20180209,56.65,-2.86,62.82433333,-1.618001838,20.84949198,0.601203448,0.022312975,0.095656248,1
20180212,59.62,2.97,62.82433333,-1.595350598,36.21768336,0.443426316,-0.122339218,-0.010396074,0
20180213,59.5,-0.12,62.82433333,-1.568995916,42.85098332,0.4975,-0.415244457,-0.272101686,1
20180214,60.5,1,62.82433333,-1.450695286,85.47995247,0.6533125,-0.405785365,-0.255850179,0
20180222,62.32,1.82,62.82433333,-1.196292281,100.0288634,0.527145455,0.072258861,0.230776883,0
20180223,62.8,0.48,62.82433333,-0.94505013,113.2297142,0.44507,-0.360476895,-0.192758011,0
20180226,64.91,2.11,62.82433333,-0.569119098,109.9022463,0.35312,0.748269511,0.967531142,0
20180227,63.46,-1.45,62.82433333,-0.383770066,87.37121932,0.407486111,0.109544297,0.295390065,1
20180228,63.51,0.05,62.82433333,-0.230191536,72.61396011,0.475610526,-0.158545711,0.018649212,0
20180301,63.27,-0.24,62.82433333,-0.12638851,62.65216056,0.483794118,-0.18660445,-0.016206273,1
20180302,62.87,-0.4,62.82433333,-0.075529861,54.64757351,0.489629167,-0.366921188,-0.195942671,1
20180305,65.12,2.25,62.82433333,0.144664578,71.0558308,0.542017857,0.672155252,0.883514055,0
20180306,66.58,1.46,62.82433333,0.432000226,92.24971517,0.459454167,0.674238054,0.914109381,0
20180307,64.53,-2.05,62.82433333,0.488664905,83.73973214,0.483640909,0.043800859,0.252886837,1
20180308,64.87,0.34,62.82433333,0.554613985,55.41300514,0.492,-0.309053263,-0.115645546,0
20180309,65.55,0.68,62.82433333,0.654208119,43.50506534,0.557589474,-0.041731724,0.161139838,0
20180312,66.85,1.3,62.82433333,0.828486052,85.87532424,0.471415,0.530398782,0.778268715,0
20180313,66,-0.85,62.82433333,0.887780887,93.72897475,0.599038889,0.310627897,0.550369287,1
20180314,64.36,-1.64,62.82433333,0.793293583,56.21396464,0.66828125,0.099524142,0.30482846,1
20180315,64.7,0.34,62.82433333,0.737347193,17.94924888,0.451590909,-0.150690812,0.043503544,0
20180316,64.23,-0.47,62.82433333,0.647618856,-12.94361645,0.458196296,-0.26168963,-0.067799516,1
20180319,64.25,0.02,62.82433333,0.571534047,-9.051636271,0.601992,-0.471045127,-0.284905539,0
20180320,62.8,-1.45,62.82433333,0.389740718,-7.226821134,0.459352,0.199094386,0.36009777,1
20180321,62.6,-0.2,62.82433333,0.226914141,8.458222447,0.472175,-0.089803366,0.083465493,1
20180322,62.59,-0.01,62.82433333,0.095959824,14.83044042,0.504943478,-0.370369107,-0.203813308,1
20180323,59.48,-3.11,54.37833333,-0.255824439,7.935644071,0.360640741,0.427065538,0.521058556,1
20180326,60.4,0.92,54.37833333,-0.455133199,24.02724771,0.455572222,-0.082067889,0.031684033,0
20180327,61.3,0.9,54.37833333,-0.534305211,45.87187216,0.467363158,-0.219787967,-0.072470346,0
20180328,56.19,-5.11,54.37833333,-0.997880944,36.09192215,0.442748214,2.752106371,2.490519257,1
20180329,55.99,-0.2,54.37833333,-1.365663858,16.05367506,0.493693023,0.563180157,0.533710809,1
20180330,56.3,0.31,54.37833333,-1.613520399,-0.140791309,0.504908,-0.117901606,-0.044688588,0
20180402,55.67,-0.63,54.37833333,-1.839578711,10.9598778,0.522969231,-0.090659012,-0.028567071,1
20180403,54.27,-1.4,54.37833333,-2.107406975,9.444660896,0.439537143,0.374223583,0.341462963,1
20180404,54.82,0.55,54.37833333,-2.249353256,6.33590677,0.328135484,-0.110575986,-0.060368742,0
20180409,56.34,1.52,54.37833333,-2.213677514,25.73466934,0.451416667,0.330536464,0.34720251,0
20180410,56.66,0.32,54.37833333,-2.134972273,46.79989516,0.445572727,0.199585432,0.242907177,0
20180411,56.13,-0.53,54.37833333,-2.091257658,68.12764929,0.408854054,-0.19081151,-0.112603552,1
20180412,55.9,-0.23,54.37833333,-2.051523897,67.97228243,0.483051163,-0.445682767,-0.338028691,1
20180413,55.6,-0.3,54.37833333,-2.020945892,61.25149883,0.395514286,-0.573559347,-0.452333275,1
20180416,54.92,-0.68,54.37833333,-2.028203058,34.38835769,0.409696,-0.438669925,-0.339605326,1
20180417,53.59,-1.33,54.37833333,-2.116872312,-2.744438397,0.556547222,-0.217256844,-0.161688913,1
20180418,53.45,-0.14,54.37833333,-2.173386716,-2.017304647,0.485082609,0.010462681,0.012917541,1
20180419,53.87,0.42,54.37833333,-2.159392169,16.44575926,0.522926316,-0.458059001,-0.369929504,0
20180420,52.26,-1.61,54.37833333,-2.252252371,22.93141034,0.433457895,-0.37536456,-0.309640995,1
20180423,52.95,0.69,54.37833333,-2.244296662,17.30057085,0.558765625,-0.428541978,-0.355191883,0
20180424,54.08,1.13,54.37833333,-2.122345077,29.37150133,0.416641304,-0.411267373,-0.331686877,0
20180425,53.84,-0.24,54.37833333,-2.021757993,56.30154321,0.406645455,-0.5328215,-0.432778871,1
20180426,52.53,-1.31,54.37833333,-2.024411896,39.78024777,0.418796552,-0.444552117,-0.365640995,1
20180427,52.96,0.43,54.37833333,-1.969118949,18.93221814,0.447833333,-0.565928551,-0.467633626,0
20180502,49.25,-3.71,54.37833333,-2.199312579,-3.203927767,0.386804,0.562786652,0.38492819,1
20180503,49.61,0.36,54.37833333,-2.325882373,12.46279154,0.483986364,-0.197392269,-0.211829698,0
20180504,49.25,-0.36,54.37833333,-2.427258908,5.581511159,0.334870968,-0.478468403,-0.429113447,1
20180507,50.36,1.11,54.37833333,-2.39047689,27.9052076,0.553936842,-0.186776731,-0.191347465,0
20180508,51.88,1.52,54.37833333,-2.213163606,57.73561811,0.46542973,-0.115103424,-0.112862683,0
20180509,51.5,-0.38,54.37833333,-2.079335095,74.35861652,0.42274,-0.51124759,-0.434083151,1
20180510,51.84,0.34,51.22566667,-1.923665064,77.70264452,0.429633333,-0.569684871,-0.480146299,0
20180511,52.95,1.11,51.22566667,-1.691232247,87.48162916,0.511384211,0.012148868,0.007447833,0
20180514,52.66,-0.29,51.22566667,-1.512987364,93.95064486,0.458928571,-0.286800018,-0.234931866,1
20180515,53.07,0.41,51.22566667,-1.323388241,101.4765315,0.454244444,-0.412277795,-0.33938493,0
20180516,52.68,-0.39,51.22566667,-1.190871684,78.62940039,0.51686,-0.416925116,-0.344478162,1
20180517,52.77,0.09,51.22566667,-1.066297495,76.36565316,0.362968,-0.616322299,-0.510460174,0
20180518,54,1.23,51.22566667,-0.858425439,86.21456312,0.295443478,-0.027579363,-0.009437485,0
20180521,54.54,0.54,51.22566667,-0.642703168,90.59892892,0.344737037,-0.191666235,-0.134043447,0
20180522,55,0.46,51.22566667,-0.429670583,100.4821709,0.514271429,-0.40190018,-0.312031904,0
20180523,54.68,-0.32,51.22566667,-0.283395246,80.46930392,0.475884848,-0.14369605,-0.087610642,1
20180524,54.15,-0.53,51.22566667,-0.207841689,56.19228844,0.497686486,-0.469735056,-0.375015409,1
20180525,54.22,0.07,51.22566667,-0.140694695,35.83576161,0.420171429,-0.46677231,-0.369485825,0
20180528,52.78,-1.44,51.22566667,-0.201355087,3.466129675,0.66303125,-0.357071701,-0.28612822,1
20180529,53.5,0.72,51.22566667,-0.189150494,10.27709817,0.456481818,-0.210295825,-0.162336983,0
20180530,50.4,-3.1,51.22566667,-0.424726376,-8.579206477,0.428604167,0.146161108,0.090763684,1
20180531,51.15,0.75,51.22566667,-0.544625129,11.85222943,0.553830769,-0.382449032,-0.33614766,0
20180601,50.91,-0.24,51.22566667,-0.651501643,8.183688845,0.413392857,-0.529502331,-0.455490206,1
20180604,50.2,-0.71,51.22566667,-0.78445046,7.661114134,0.4271625,-0.441554246,-0.389167606,1
20180605,51.22,1.02,51.22566667,-0.798305511,17.09092621,0.3843,-0.412881584,-0.364026047,0
20180606,51.12,-0.1,51.22566667,-0.808040317,23.22803313,0.770414286,-0.301200091,-0.270000792,1
20180607,50.92,-0.2,51.22566667,-0.822413281,34.11785488,0.51365814,-0.551027873,-0.468988,1
20180608,50.13,-0.79,51.22566667,-0.887321863,13.49114876,0.53435,-0.458338497,-0.404491615,1
20180611,49.42,-0.71,51.22566667,-0.984702411,-2.807080853,0.430045833,-0.556599476,-0.485585864,1
20180612,50.03,0.61,51.22566667,-1.001115063,17.84688617,0.503802857,-0.517375651,-0.454641627,0
20180613,49.06,-0.97,51.22566667,-1.079944178,17.47007131,0.412191304,-0.487345241,-0.43500668,1
20180614,49.05,-0.01,51.22566667,-1.130195545,23.01231459,0.456958824,-0.610501603,-0.532153989,1
20180615,48.18,-0.87,51.22566667,-1.226088262,-6.463805672,0.537852941,-0.480942406,-0.436743871,1
20180619,44.98,-3.2,51.22566667,-1.542516024,9.214476434,0.55395,0.329371381,0.115467034,1
20180620,45.39,0.41,51.22566667,-1.740144429,21.81274627,0.306,-0.393568284,-0.403487225,0
20180621,45.77,0.38,51.22566667,-1.844837402,39.58202356,0.539209524,-0.172233168,-0.231062786,0
20180622,46.85,1.08,44.68,-1.819684178,55.78837939,0.480057895,-0.353356954,-0.362316525,0
20180625,46.06,-0.79,44.68,-1.842260037,53.62366686,0.322038462,-0.388327769,-0.385947057,1
20180626,46.38,0.32,44.68,-1.813426193,53.45339133,0.470476471,-0.311193069,-0.332186565,0
20180627,47.1,0.72,44.68,-1.712733853,55.4627197,0.700441379,0.050514168,-0.049333249,0
20180628,46.01,-1.09,44.68,-1.701277074,54.26964458,0.621041935,-0.34393195,-0.353978089,1
20180629,47.68,1.67,44.68,-1.53969382,87.34304685,0.502752381,-0.186128144,-0.234230902,0
20180702,45.98,-1.7,44.68,-1.53116342,61.05677882,0.16278,-0.338354359,-0.348031673,1
20180703,45.35,-0.63,44.68,-1.557287313,45.47639814,0.438844,0.022625061,-0.107947614,1
20180704,45.79,0.44,44.68,-1.524908172,14.88254097,0.529189655,-0.319216218,-0.346681844,0
20180705,45.58,-0.21,44.68,-1.498914165,24.78064799,0.637033333,-0.40768126,-0.403680802,1
20180706,46.03,0.45,44.68,-1.42556941,49.56055715,0.599151282,-0.268628654,-0.301881123,0
20180709,46.52,0.49,44.68,-1.312771447,60.86358636,0.333141667,-0.210112028,-0.260107418,0
20180710,46.63,0.11,44.68,-1.200661688,77.7232912,0.39264375,-0.51532141,-0.47914822,0
20180711,45.46,-1.17,44.68,-1.192476985,58.09870744,0.44998,-0.465203587,-0.453033163,1
20180712,46.52,1.06,44.68,-1.087916583,59.1572398,0.440588889,-0.247840142,-0.285914924,0
20180713,45.95,-0.57,44.68,-1.039068215,56.11740464,0.243678947,-0.435939343,-0.424982236,1
20180716,43.95,-2,44.68,-1.148499629,47.55994449,0.210832468,0.390335754,0.123886523,1
20180717,43.55,-0.4,44.68,-1.253057008,12.15990532,0.273547826,-0.250395449,-0.325667691,1
20180718,43.3,-0.25,44.68,-1.340638351,-14.86665966,0.232503448,-0.532780042,-0.515326297,1
20180719,42.15,-1.15,44.68,-1.485716174,-10.89326088,0.436694444,-0.336978415,-0.393244693,1
20180720,42.91,0.76,44.68,-1.521823116,6.203631523,0.268365,-0.393894765,-0.429796536,0
20180723,43.5,0.59,44.68,-1.48570379,25.43989393,0.359909091,-0.451400854,-0.462436947,0
20180724,44.29,0.79,44.68,-1.377454132,54.54369987,0.444211111,-0.410648383,-0.427616434,0
20180725,44.05,-0.24,44.68,-1.296090963,61.36936927,0.276152941,-0.303907871,-0.354392084,1
20180726,43,-1.05,44.68,-1.301335307,50.68136803,0.614485714,-0.453138749,-0.463123838,1
20180727,42.99,-0.01,44.68,-1.291411812,38.47084798,0.379041667,-0.625886762,-0.58378399,1
20180730,42.5,-0.49,44.68,-1.308008369,22.71567737,0.549438889,-0.40546637,-0.441536831,1
20180731,42.24,-0.26,44.68,-1.326846033,11.86213541,0.34258,-0.701639531,-0.638857944,1
20180801,41.98,-0.26,44.68,-1.347224874,-5.704724068,0.557755556,-0.539490933,-0.530722662,1
20180802,40.1,-1.88,44.68,-1.497809722,-2.729911022,0.4912875,0.193953716,-0.083516181,1
20180803,38.33,-1.77,42.64633333,-1.739916829,-1.993826612,0.32255,0.061925468,-0.185687739,1
20180806,37.29,-1.04,42.64633333,-1.992736735,3.900764114,0.527944444,-0.19980754,-0.365077445,1
20180807,38,0.71,42.64633333,-2.111467582,10.46251998,0.40659375,-0.264567733,-0.407559057,0
20180808,38.29,0.29,42.64633333,-2.157294113,25.99076971,0.403857143,-0.208083698,-0.358566821,0
20180809,39.25,0.96,42.64633333,-2.092032346,46.69058162,0.408005263,-0.187285512,-0.340843153,0
20180810,41.69,2.44,42.64633333,-1.822416633,82.95288616,0.490508333,0.143319742,-0.106145554,0
20180813,43.17,1.48,42.64633333,-1.472348292,116.5383551,0.359525,0.474376657,0.146883912,0
20180814,43.15,-0.02,42.64633333,-1.182894768,125.2885562,0.303553333,-0.105348254,-0.228039837,1
20180815,42.13,-1.02,42.64633333,-1.02400218,94.92876719,0.38829,0.088493448,-0.104883855,1
20180816,42.26,0.13,42.64633333,-0.877473775,71.13142635,0.374903226,-0.196934734,-0.302236104,0
20180817,42.45,0.33,42.64633333,-0.737515922,68.59737578,0.360024242,-0.387848239,-0.427469825,0
20180820,45.24,2.79,42.64633333,-0.39689349,93.18362278,0.489647619,0.645807114,0.310655697,0
20180821,44.9,-0.34,42.64633333,-0.152623569,101.4426963,0.437641667,0.084310341,-0.068916002,1
20180822,44.79,-0.11,42.64633333,0.031720371,96.69657515,0.6964875,-0.002968543,-0.130918857,1
20180823,44.32,-0.47,42.64633333,0.13829502,69.99496456,0.417854545,-0.090073994,-0.200689582,1
20180824,43.45,-0.87,42.64633333,0.150815956,41.96453477,0.66675,-0.147739812,-0.255567048,1
20180827,45.01,1.56,42.64633333,0.28335155,56.64284216,0.3016,-0.040276896,-0.160619547,0
20180828,45.59,0.58,42.64633333,0.430228707,81.15888165,0.42659375,-0.117414359,-0.203759448,0
20180829,46.3,0.71,42.64633333,0.597038689,109.0880261,0.581233333,0.003568224,-0.103797653,0
20180830,45,-1.3,42.64633333,0.617222706,74.05935751,0.644861111,0.001180016,-0.1216079,1
20180831,44.46,-0.54,42.64633333,0.582925595,34.18885442,0.573330769,-0.279152755,-0.333178789,1
20180903,43.67,-0.79,42.64633333,0.486391669,-1.855129569,0.422329412,-0.403733888,-0.428248208,1
20180904,44.52,0.85,42.64633333,0.473023018,14.48573574,0.448965217,-0.363496186,-0.392848937,0
20180905,42.5,-2.02,42.64633333,0.296018828,0.361111111,0.651713889,-0.095390631,-0.221903973,1
20180906,42.6,0.1,42.64633333,0.161944105,4.579198696,0.653523333,-0.509271658,-0.506518319,0
20180907,42.82,0.22,42.64633333,0.072604147,-4.650011647,0.66304,-0.25765819,-0.330290394,0
20180910,41.73,-1.09,42.64633333,-0.085170511,11.3232135,0.55305,-0.43997585,-0.468020807,1
20180911,41.52,-0.21,42.64633333,-0.224564668,14.54976966,0.642864286,-0.643926497,-0.605989703,1
20180912,42.04,0.52,42.64633333,-0.289735991,24.63023292,0.445435,-0.406086972,-0.447528139,0
20180913,42.92,0.88,42.64633333,-0.26729488,57.69157138,0.379275,-0.411011485,-0.443129533,0
20180914,44.81,1.89,47.00166667,-0.095897486,102.4396362,0.4430375,0.163511835,-0.018094399,0
20180917,44.81,0,47.00166667,0.03948107,117.588701,0.471491667,-0.068447226,-0.18109512,1
20180918,45.08,0.27,47.00166667,0.166635425,115.8733196,0.525469231,-0.265020086,-0.316880744,0
20180919,46.96,1.88,47.00166667,0.414330314,101.6295511,0.382007692,0.447662307,0.225312325,0
20180920,45.95,-1.01,47.00166667,0.523101748,85.16255436,0.67646,-0.1049483,-0.173684621,1
20180921,47.01,1.06,47.00166667,0.686918663,74.98298779,0.545052941,0.820796851,0.525607667,0
20180925,48.2,1.19,47.00166667,0.902365891,79.62331285,0.41454,0.130230546,0.022122338,0
20180926,48.26,0.06,47.00166667,1.065666529,92.70743753,0.50718125,0.098385891,0.001314123,0
20180927,47.8,-0.46,47.00166667,1.144769121,90.41135383,0.51764375,-0.326645252,-0.325399509,1
20180928,49.1,1.3,47.00166667,1.297401987,90.35199377,0.383046667,-0.164304105,-0.191097481,0
20181008,46.55,-2.55,47.00166667,1.19878213,56.6276858,0.538211765,0.233207367,0.07971643,1
20181009,47.09,0.54,47.00166667,1.150931449,44.38525624,0.563090909,-0.570224631,-0.515402705,0
20181010,45.91,-1.18,47.00166667,1.006194517,-6.327537604,0.506251852,-0.033661704,-0.133851873,1
20181011,42.82,-3.09,47.00166667,0.634834305,-16.94319498,0.548836364,0.330015706,0.081158543,1
20181012,46.42,3.6,47.00166667,0.62382748,15.57415831,0.4,0.438379182,0.183188316,0
20181015,46.93,0.51,47.00166667,0.648778515,65.46611591,0.336754545,0.049437067,-0.057299077,0
20181016,45.96,-0.97,47.00166667,0.583554642,89.74990641,0.406866667,-0.304501641,-0.330517271,1
20181017,47.31,1.35,47.00166667,0.633495429,78.01311145,0.607790909,0.220235406,0.06613277,0
20181018,46.18,-1.13,47.00166667,0.575261056,66.04308975,0.54418125,-0.083762713,-0.165895331,1
20181019,47.02,0.84,47.00166667,0.590088699,89.20292439,0.634525,0.332205377,0.122727622,0
20181022,50.01,2.99,47.00166667,0.83349966,102.3689418,0.65563,0.896026213,0.632934272,0
20181023,48.46,-1.55,47.00166667,0.891060958,96.80654197,0.534258824,0.278916252,0.145805601,1
20181024,48.77,0.31,47.00166667,0.950733645,84.98066344,0.706530769,0.154297116,0.054990074,0
20181025,49.6,0.83,47.00166667,1.052862005,78.08729607,0.646072727,0.226969213,0.097268565,0
20181026,48.62,-0.98,47.00166667,1.042702036,78.81435284,0.46406,-0.165348039,-0.190302266,1
20181029,47.38,-1.24,47.00166667,0.923941923,61.46751302,0.378865217,-0.251681106,-0.272168789,1
20181030,46.53,-0.85,47.00166667,0.752560731,29.04438496,0.5651,0.061591271,-0.062431491,1
20181031,46.79,0.26,47.00166667,0.630452266,22.65232975,0.443946154,-0.345244094,-0.351358049,0
20181101,45.7,-1.09,47.00166667,0.440647033,9.801924165,0.555133333,0.205920783,0.04640478,1
20181102,48.02,2.32,47.00166667,0.471988836,39.74225857,0.514072727,0.552978393,0.312817864,0
20181105,48.25,0.23,54.20533333,0.509513168,59.06509702,0.0841,0.218225732,0.090481538,0
20181106,47.63,-0.62,54.20533333,0.483647466,79.30501158,0.550813333,-0.408597251,-0.39280133,1
20181107,47.25,-0.38,54.20533333,0.427557273,55.48900769,0.628506667,-0.248855632,-0.275576157,1
20181108,48.98,1.73,54.20533333,0.516745215,69.00276735,0.550788235,0.587552018,0.380795891,0
20181109,50,1.02,54.20533333,0.662100494,92.58003803,0.6371,0.640693161,0.457211551,0
20181112,51.61,1.61,54.20533333,0.89687058,117.3750005,0.634022222,0.490278889,0.37105232,0
20181113,51,-0.61,54.20533333,1.02192554,93.77725462,0.529157143,0.169712217,0.114940469,1
20181114,51.9,0.9,54.20533333,1.18005207,86.35693288,0.51175,0.126564167,0.093417366,0
20181115,51.81,-0.09,54.20533333,1.283313003,80.43755312,0.5834,-0.249676154,-0.219549293,1
20181116,51.55,-0.26,54.20533333,1.328850053,81.41865207,0.510345455,0.254533336,0.191606916,1
20181119,54.7,3.15,54.20533333,1.60066569,88.09283714,0.4810125,0.82166528,0.713974357,0
20181120,55.4,0.7,54.20533333,1.85122591,86.15176169,0.6098625,0.94515273,0.865126175,0
20181121,55,-0.4,54.20533333,1.994528352,82.95066713,0.489711765,0.034116167,0.065103397,1
20181122,55.3,0.3,54.20533333,2.108004301,71.20612372,0.476476,0.125103695,0.161911215,0
20181123,54,-1.3,54.20533333,2.069183414,52.86283788,0.455037037,0.046438391,0.062675239,1
20181126,54.16,0.16,54.20533333,2.027951284,44.75151001,0.498657895,-0.096645655,-0.056123411,0
20181127,57.25,3.09,54.20533333,2.219032079,72.53872255,0.404596154,0.783297446,0.755913318,0
20181128,57.65,0.4,54.20533333,2.375359972,98.59340493,0.504011111,0.343421249,0.388440506,0
20181129,57.65,0,54.20533333,2.470769461,107.655233,0.55789375,0.158713999,0.233303841,1
20181130,57,-0.65,54.20533333,2.465511717,67.96819807,0.473485714,-0.017160059,0.061355732,1
20181203,56.08,-0.92,54.20533333,2.359905088,39.24349509,0.566933333,1.187538465,1.138830072,1
20181204,56.32,0.24,54.20533333,2.269416646,33.09692632,0.457116667,0.312560644,0.330377123,0
20181205,57.93,1.61,54.20533333,2.301091893,60.62722269,0.436213636,0.749811862,0.735811357,0
20181206,55.35,-2.58,54.20533333,2.093873447,52.11276311,0.580907895,0.514612402,0.503714849,1
20181207,56.89,1.54,54.20533333,2.03051001,51.34682246,0.378866667,0.405547481,0.429956823,0
20181210,55.39,-1.5,54.20533333,1.838068457,2.046525221,0.595177778,0.280540713,0.291883709,1
20181211,56.16,0.77,54.20533333,1.727773012,14.92810576,0.565794737,0.234229536,0.270147291,0
20181212,58.25,2.09,54.20533333,1.788393128,55.50702829,0.666153333,0.461399283,0.498580389,0
20181213,58.4,0.15,54.20533333,1.827472784,107.419676,0.645205556,0.114315186,0.188277856,0
20181214,57.3,-1.1,54.20533333,1.74951556,105.8398788,0.587402941,0.020414546,0.10295394,1
20181217,54.89,-2.41,50.29133333,1.476249752,31.81253972,0.523542857,0.596735299,0.552036105,1
20181218,55.04,0.15,50.29133333,1.257295061,-11.26911664,0.572677778,0.002610891,0.042592681,0
20181219,53.5,-1.54,50.29133333,0.948572212,-26.16798232,0.750285714,0.255940833,0.246172699,1
20181220,53.87,0.37,50.29133333,0.725401065,0.360646299,0.526516667,0.151825531,0.144180339,0
20181221,52.98,-0.89,50.29133333,0.471288046,8.386790062,0.768615385,0.139004085,0.116917947,1
20181224,53.21,0.23,50.29133333,0.285173424,22.49613814,0.555382857,-0.10983792,-0.089871839,0
20181225,52.22,-0.99,50.29133333,0.057132926,20.00649691,0.506171429,0.245498613,0.186558185,1
20181226,51,-1.22,50.29133333,-0.219504306,5.996891745,0.622667647,-0.158321723,-0.144377276,1
20181227,50.84,-0.16,50.29133333,-0.446504938,-4.114358921,0.539694737,0.11081959,0.068940244,1
20181228,51,0.16,50.29133333,-0.606502527,1.363603602,0.380165,-0.099400305,-0.11028889,0
20190102,49.17,-1.83,50.29133333,-0.870927961,6.472686151,0.511092308,-0.064306268,-0.101827807,1
20190103,48.06,-1.11,50.29133333,-1.156720788,6.546849943,0.416973684,-0.088223473,-0.133093438,1
20190104,50.65,2.59,50.29133333,-1.160840857,31.2791822,0.549661538,0.407662758,0.265779881,0
20190107,51.39,0.74,50.29133333,-1.091808536,72.9103973,0.5645,0.517153544,0.383910431,0
20190108,52.88,1.49,50.29133333,-0.906420724,118.9887076,0.561694737,0.643900509,0.536189964,0
20190109,50.46,-2.42,50.29133333,-0.943892714,86.73644735,0.626559259,1.970021992,1.531462045,1
20190110,48.85,-1.61,50.29133333,-1.090927548,33.41240843,0.426093103,0.717653392,0.499638791,1
20190111,49.02,0.17,50.29133333,-1.180132303,-6.129635794,0.518675758,0.065193391,-0.015318871,0
20190114,48.8,-0.22,50.29133333,-1.254123124,-1.576113584,0.493491667,0.214289875,0.084034383,1
20190115,48.8,0,50.29133333,-1.29780114,19.18628075,0.47855,-0.087612544,-0.137313922,1
20190116,48.93,0.13,50.29133333,-1.30686168,25.02281473,0.567359375,-0.290374845,-0.287816345,0
20190117,47.49,-1.44,50.29133333,-1.413939179,8.340298735,0.547102174,0.087583331,-0.016590174,1
20190118,46.82,-0.67,50.29133333,-1.535165832,2.400570938,0.649486957,0.401421494,0.19245042,1
20190121,48.21,1.39,50.29133333,-1.501766021,14.29407158,0.577985714,0.461735323,0.257129385,0
20190122,47.7,-0.51,50.29133333,-1.499167696,44.9023374,0.414855556,-0.0811276,-0.137071361,1
20190123,48.8,1.1,50.29133333,-1.392298151,93.47290954,0.458211765,0.063121875,-0.022745901,0
20190124,48.52,-0.28,50.29133333,-1.315037988,105.2233883,0.581271429,-0.223721981,-0.242563203,1
20190125,49.18,0.66,50.29133333,-1.18687076,114.9039619,0.572155,0.112750379,0.027035479,0
20190128,48.46,-0.72,50.29133333,-1.130365146,77.30428238,0.497386364,-0.056254904,-0.10835514,1
20190129,48,-0.46,50.29133333,-1.109907868,50.73078307,0.379307143,-0.341283132,-0.338054144,1
20190130,47.15,-0.85,52.65633333,-1.149037831,16.26114121,0.644221053,-0.088816091,-0.155193343,1
20190131,46.42,-0.73,52.65633333,-1.22483438,-8.02360198,0.491235714,-0.221723938,-0.261231018,1
20190201,48.27,1.85,52.65633333,-1.122682566,20.65212284,0.515642857,0.007387768,-0.079150947,0
20190211,50.2,1.93,52.65633333,-0.875894876,84.62465889,0.567752941,0.434527278,0.293615095,0
20190212,50.58,0.38,52.65633333,-0.6422476,131.0429244,0.489477778,0.1365006,0.071104512,0
20190213,51.57,0.99,52.65633333,-0.372897196,125.5444462,0.461388889,0.366515169,0.271744528,0
20190214,53.72,2.15,52.65633333,0.013891834,98.97883615,0.556158333,0.898090474,0.758081396,0
20190215,51.67,-2.05,52.65633333,0.153240598,76.63730698,0.675310345,0.711434585,0.574130436,1
20190218,52.45,0.78,52.65633333,0.32289287,71.99236923,0.437075,0.887273404,0.719113166,0
20190219,51.74,-0.71,52.65633333,0.395493449,59.05295606,0.506896154,0.612956297,0.480275247,1
20190220,52.36,0.62,52.65633333,0.497325887,73.65813986,0.508676923,0.389940867,0.312474095,0
20190221,51.94,-0.42,52.65633333,0.537937331,62.21927058,0.481546667,0.402108544,0.322697178,1
20190222,51.88,-0.06,52.65633333,0.558838749,47.36886435,0.508458333,0.328661989,0.241790037,1
20190225,55.06,3.18,52.65633333,0.822521185,73.08495113,0.447131818,1.925993536,1.643319586,0
20190226,56.74,1.68,52.65633333,1.153753621,85.40445904,0.531627273,2.313088814,2.161966322,0
20190227,54.96,-1.78,52.65633333,1.258123722,80.7138936,0.526702174,1.582359316,1.405515102,1
20190228,54.51,-0.45,52.65633333,1.28966014,35.78850421,0.446321875,0.035687193,0.062982703,1
20190301,53.8,-0.71,52.65633333,1.243033002,16.95431695,0.40929697,0.960719383,0.822632666,1
20190304,53.68,-0.12,52.65633333,1.182763501,24.12412412,0.51872963,2.431273908,2.055303703,1
20190305,54.08,0.4,52.65633333,1.153973852,31.88903189,0.448694444,1.211118249,1.036803799,0
20190306,54.44,0.36,52.65633333,1.146985108,43.18604319,0.313113636,1.489990548,1.293232799,0
20190307,53.38,-1.06,52.65633333,1.043880137,35.15123013,0.377053333,1.056036963,0.896562549,1
20190308,51.12,-2.26,52.65633333,0.770918919,4.327551191,0.530504545,1.084160078,0.871505013,1
20190311,52.37,1.25,52.65633333,0.647990113,-0.349565853,0.385691176,0.403731508,0.314046923,0
20190312,51.99,-0.38,52.65633333,0.513980478,10.16351176,0.444874194,0.546749682,0.442641452,1
20190313,52,0.01,52.65633333,0.403927568,33.55106759,0.467472222,0.415399387,0.329281193,0
20190314,54.57,2.57,52.65633333,0.518114859,76.23232412,0.472975,2.985305601,2.548722147,0
20190315,55.39,0.82,52.65633333,0.6670865,105.6392436,0.513846341,1.891946542,1.691447397,0
20190318,55.66,0.27,52.65633333,0.797738508,126.2050503,0.505696552,0.730703318,0.691849439,0
20190319,55.99,0.33,52.65633333,0.917334942,100.5664351,0.50058,0.379125985,0.388551498,0
20190320,55.4,-0.59,55.76166667,0.953516366,81.09908075,0.352063636,0.363726891,0.369521237,1
20190321,55.05,-0.35,55.76166667,0.943077124,70.77026864,0.608773913,0.205717063,0.222236097,1
20190322,57,1.95,55.76166667,1.079706468,77.6499048,0.521874074,0.943099871,0.90799993,0
20190325,56.5,-0.5,55.76166667,1.134561864,80.73033641,0.437853846,0.384908678,0.413426187,1
20190326,55.25,-1.25,55.76166667,1.064895158,67.1298062,0.523056667,0.165953363,0.205186222,1
20190327,54.71,-0.54,55.76166667,0.955100501,18.4867051,0.575166667,0.648489559,0.585165472,1
20190328,52.77,-1.94,55.76166667,0.703436875,-19.71849008,0.566142222,0.884537525,0.74901248,1
20190329,53.49,0.72,55.76166667,0.555684041,-13.05449767,0.498614634,0.428577026,0.361644658,0
20190401,54.45,0.96,55.76166667,0.510171889,22.42567492,0.4721,0.801055843,0.704185365,0
20190402,54.68,0.23,55.76166667,0.487047873,55.81247965,0.538641935,0.429528716,0.391321042,0
20190403,54.39,-0.29,55.76166667,0.440246461,55.81647562,0.359025,0.121657043,0.132427199,1
20190404,55.19,0.8,55.76166667,0.462379298,53.73876458,0.371165217,0.651439407,0.603324787,0
20190408,53.44,-1.75,55.76166667,0.33484942,32.20153341,0.58719375,0.85750821,0.751344744,1
20190409,54.93,1.49,55.76166667,0.3499773,52.95589504,0.590373333,0.482642105,0.44112775,0
20190410,55.52,0.59,55.76166667,0.40490681,74.38652028,0.529759259,0.982508299,0.896365392,0
20190411,54.93,-0.59,55.76166667,0.396262901,85.09282994,0.49612963,1.067939886,0.99652666,1
20190412,54.09,-0.84,55.76166667,0.317966244,43.66835419,0.584002941,-0.019324855,0.006564103,1
20190415,53.54,-0.55,55.76166667,0.209124518,-6.718668544,0.473457143,0.104370345,0.114710309,1
20190416,56.73,3.19,55.76166667,0.375939411,41.38366666,0.542482051,1.369922803,1.238007818,0
20190417,62.4,5.67,55.76166667,0.954658323,106.3021393,0.631103571,4.613067973,4.555561686,0
20190418,59.32,-3.08,55.76166667,1.151493272,124.2897986,0.499255556,2.574515954,2.571780863,1
20190419,60.13,0.81,55.76166667,1.357201643,88.26560704,0.585545455,0.958436432,1.030921964,0
20190422,57.71,-2.42,55.76166667,1.309854051,38.55779049,0.490992857,0.706931216,0.736516688,1
20190423,56.96,-0.75,55.76166667,1.198002188,30.96613328,0.518586364,0.098432531,0.160814712,1
20190424,58.15,1.19,55.76166667,1.191645291,31.57586273,0.3488875,0.250870872,0.308678551,0
20190425,56.16,-1.99,55.76166667,1.014338373,29.24297924,0.387696154,0.020571971,0.082147281,1
20190426,55.36,-0.8,55.76166667,0.800045622,24.18803419,0.526591304,-0.10421173,-0.042092168,1
20190429,55.65,0.29,55.76166667,0.646169015,-4.009452263,0.604355172,0.161106929,0.200002734,0
20190430,56.9,1.25,55.76166667,0.617961769,4.881164553,0.502015385,-0.136629888,-0.060127999,0
20190506,52.05,-4.85,55.76166667,0.20192519,0.674393603,0.41416,0.511374075,0.441814882,1
20190507,53.01,0.96,49.93733333,-0.049749341,12.15620817,0.529641667,-0.062141011,-0.048748602,0
20190508,51.85,-1.16,49.93733333,-0.338898909,1.060196962,0.512126316,0.080711101,0.054876881,1
20190509,51.11,-0.74,49.93733333,-0.620609837,6.468206459,0.435452,-0.194329332,-0.181226296,1
20190510,52.26,1.15,49.93733333,-0.742513159,23.57661495,0.575044444,-0.007755554,-0.023538634,0
20190513,51.02,-1.24,49.93733333,-0.928477149,27.80675497,0.419293103,-0.301465077,-0.269991855,1
20190514,50.19,-0.83,49.93733333,-1.129805323,21.92114524,0.499705714,-0.324335929,-0.294662693,1
20190515,51.29,1.1,49.93733333,-1.186916509,11.43327228,0.53825,-0.266155803,-0.242889814,0
20190516,51.47,0.18,49.93733333,-1.203776652,24.01383473,0.685618182,-0.377284408,-0.326049032,0
20190517,50.22,-1.25,49.93733333,-1.302983013,28.38664115,0.59929,-0.272167551,-0.253599474,1
20190520,49,-1.22,49.93733333,-1.463181923,14.77675952,0.462153333,-0.147895625,-0.176765138,1
20190521,49.4,0.4,49.93733333,-1.540110619,9.549609373,0.424490476,-0.360198782,-0.336140886,0
20190522,48.93,-0.47,49.93733333,-1.620324149,12.29645366,0.442351429,-0.443543767,-0.404497174,1
20190523,47.59,-1.34,49.93733333,-1.771598862,8.491604038,0.530890625,0.183321364,0.060281068,1
20190524,48.61,1.02,49.93733333,-1.788562253,17.99302721,0.642218182,0.030260578,-0.052861323,0
20190527,48.81,0.2,49.93733333,-1.765515768,37.68736424,0.511045833,-0.133259933,-0.176222979,0
20190528,50.5,1.69,49.93733333,-1.592524753,83.5784439,0.558995833,0.361455687,0.234928039,0
20190529,49.6,-0.9,49.93733333,-1.510636923,82.3481758,0.508312,-0.397072287,-0.361597922,1
20190530,48.37,-1.23,49.93733333,-1.527384214,62.9947586,0.593988889,-0.41152614,-0.383081177,1
20190531,48.25,-0.12,49.93733333,-1.532671872,28.96310958,0.452225,-0.432404247,-0.400816851,1
20190603,48.79,0.54,49.93733333,-1.476271355,30.79365006,0.486305882,-0.42813143,-0.396219988,0
20190604,48.51,-0.28,49.93733333,-1.437595493,43.49242019,0.457790909,-0.481459133,-0.440714492,1
20190605,48.9,0.39,49.93733333,-1.359799926,58.66666667,0.541822222,-0.274854947,-0.274126447,0
20190606,49.37,0.47,49.93733333,-1.245859811,64.18551587,0.577197368,0.175152882,0.084545042,0
20190610,50.9,1.53,49.93733333,-1.020341375,82.61155648,0.613120588,0.45999121,0.34380349,0
20190611,51.55,0.65,49.93733333,-0.780173467,101.2026614,0.464220513,0.328759876,0.236979027,0
20190612,50.75,-0.8,49.93733333,-0.646934526,91.67529126,0.51663,0.030546523,-0.00778071,1
20190613,50.22,-0.53,49.93733333,-0.577451771,69.12988255,0.482178125,-0.265786367,-0.251949617,1
20190614,49.35,-0.87,49.93733333,-0.585834778,30.3510161,0.446615385,-0.329192267,-0.306633752,1
20190617,49.1,-0.25,49.93733333,-0.605669501,15.0699393,0.450678788,-0.439148073,-0.396750141,1
20190618,49.2,0.1,49.93733333,-0.606330102,2.934795349,0.466869565,-0.419356394,-0.383250606,0
20190619,49.6,0.4,53.475,-0.568029089,7.101372314,0.360896296,0.016251362,-0.035099683,0
20190620,50.29,0.69,53.475,-0.476505173,29.37864566,0.259629412,0.345830416,0.223762029,0
20190621,50.55,0.26,53.475,-0.378627402,61.81969898,0.4570875,0.177191001,0.10145949,0
20190624,50.76,0.21,53.475,-0.280875559,87.43897507,0.340394737,-0.296393503,-0.270861974,0
20190625,49.9,-0.86,53.475,-0.269692485,70.91258535,0.378353659,-0.142756912,-0.157805443,1
20190626,50.03,0.13,53.475,-0.247487029,57.45824673,0.493503797,-0.391538226,-0.351898937,0
20190627,50.54,0.51,53.475,-0.186585465,67.36983695,0.341991071,-0.114670419,-0.127818284,0
20190628,50.72,0.18,53.475,-0.122385261,98.42887016,0.504079412,-0.414205359,-0.365490127,0
20190701,51.91,1.19,53.475,0.024237523,114.9831679,0.381973333,0.267463033,0.199892129,0
20190702,53.18,1.27,53.475,0.240147254,93.16518272,0.585418919,0.776390552,0.660266893,0
20190703,53.4,0.22,53.475,0.424120436,76.94759868,0.455625,0.317671027,0.281840173,0
20190704,53.24,-0.16,53.475,0.550662155,68.20928239,0.581214706,-0.11132649,-0.081880852,1
20190705,53.26,0.02,53.475,0.645124617,74.4314453,0.578712821,-0.09932856,-0.07797681,0
20190708,52.32,-0.94,53.475,0.636796066,61.1414977,0.57106,0.071054047,0.051763035,1
20190709,54.89,2.57,53.475,0.828028158,81.51859274,0.539159459,1.035465415,0.899582869,0
20190710,53.9,-0.99,53.475,0.889443293,81.08679323,0.482313158,0.329976091,0.298244538,1
20190711,53.25,-0.65,53.475,0.875572607,74.01451697,0.432086842,0.013418748,0.022286658,1
20190712,54.26,1.01,53.475,0.935297025,61.33389768,0.557625,0.145238899,0.147874061,0
20190715,55.35,1.09,53.475,1.058382572,75.70041033,0.481285714,0.357785276,0.347272818,0
20190716,54.78,-0.57,53.475,1.097285692,93.61323203,0.588488462,-0.428311196,-0.335006018,1
20190717,54.65,-0.13,53.475,1.104890294,81.5811744,0.465040909,-0.334079353,-0.254574814,1
20190718,53.45,-1.2,53.475,1.002530477,46.09431417,0.540396875,-0.017896974,-0.003567193,1
20190719,53.93,0.48,53.475,0.949199789,35.22855098,0.584167273,-0.357761745,-0.284107602,0
20190722,54.9,0.97,53.475,0.973978312,45.66482182,0.458098246,0.278755142,0.274477135,0
20190723,56.33,1.43,53.475,1.096366291,77.61189287,0.461866667,0.575037015,0.559516778,0
20190724,56.34,0.01,53.475,1.180557827,94.75039277,0.506703448,0.172574313,0.219409722,0
20190725,56.8,0.46,53.475,1.269761362,98.21918391,0.376565385,-0.254688419,-0.16518853,0
20190726,57.42,0.82,53.475,1.374638647,95.85270438,0.508301887,0.169809067,0.225183123,0
20190729,57.22,-0.2,53.475,1.425187646,93.86076887,0.548313793,-0.319047277,-0.214478065,1
20190730,57.08,-0.14,53.475,1.437382017,84.42292646,0.550036,-0.180264378,-0.092244955,1
20190731,55.95,-1.13,50.92533333,1.340413139,57.92509014,0.486363636,-0.016337349,0.039296652,1
20190801,55.73,-0.22,50.92533333,1.23161515,34.4576918,0.621072727,-0.028431899,0.021839867,1
20190802,54.39,-1.34,50.92533333,1.025444474,-2.376533938,0.513677419,-0.080135488,-0.040664174,1
20190805,52.38,-2.01,50.92533333,0.691886884,-19.31915043,0.504383333,0.154739909,0.134932109,1
20190806,51.37,-1.01,50.92533333,0.342098039,-16.17298132,0.625674074,0.19834987,0.133725609,1
20190807,50.8,-0.57,50.92533333,0.018678311,-4.026991355,0.409616071,-0.230408342,-0.212715539,1
20190808,50.86,0.06,50.92533333,-0.230139747,6.690205188,0.454384375,-0.226663538,-0.212103431,0
20190809,50.99,0.13,50.92533333,-0.412089625,4.474032101,0.339616216,-0.061784358,-0.073267432,0
20190812,51.2,0.21,50.92533333,-0.533194633,16.85737835,0.467820513,-0.004600604,-0.040001178,0
20190813,49.5,-1.7,50.92533333,-0.757613718,11.34269574,0.382603571,0.508950628,0.34947238,1
20190814,50.29,0.79,50.92533333,-0.861786918,15.13090867,0.466108,0.017836207,-0.027810049,0
20190815,50.11,-0.18,50.92533333,-0.947942139,13.99246006,0.519936364,-0.284353424,-0.272926467,1
20190816,51.07,0.96,50.92533333,-0.928058712,64.8300661,0.542361702,-0.00964143,-0.034662022,0
20190819,52.1,1.03,50.92533333,-0.819739119,113.1349398,0.435315385,0.180431515,0.130607093,0
20190820,51.43,-0.67,50.92533333,-0.778978878,123.7256167,0.368188235,-0.036193288,-0.048649234,1
20190821,51.62,0.19,50.92533333,-0.723010268,103.1695363,0.613072414,-0.062885181,-0.076908515,0
20190822,50.21,-1.41,50.92533333,-0.783399418,41.16402116,0.642272727,1.381364505,1.043630547,1
20190823,48.89,-1.32,50.92533333,-0.92708437,5.426740785,0.545625714,1.79456378,1.317341732,1
20190826,49.03,0.14,50.92533333,-1.017924896,-9.19296429,0.539485455,0.588886273,0.379197079,0
20190827,49.54,0.51,50.92533333,-1.036812204,18.34178043,0.512697727,0.617874476,0.423615492,0
20190828,49.81,0.27,50.92533333,-1.018255967,52.74699573,0.579695455,0.983143411,0.73993539,0
20190829,49.1,-0.71,50.92533333,-1.048751724,46.55541333,0.458930952,0.0722075,-0.005117633,1
20190830,49.45,0.35,50.92533333,-1.032772597,38.6396315,0.517959091,0.123070874,0.042134205,0
20190902,49.72,0.27,50.92533333,-0.986945388,42.05414668,0.516442,0.313217982,0.192214751,0
20190903,49.49,-0.23,50.92533333,-0.958141218,55.34250584,0.531581081,0.052246765,-0.015554743,1
20190904,49.37,-0.12,50.92533333,-0.934227509,54.96975652,0.522912,0.183066052,0.081392762,1
20190905,50.14,0.77,50.92533333,-0.843420728,61.79383199,0.569119048,0.964691285,0.713499645,0
20190906,50.49,0.35,50.92533333,-0.734743954,70.93426645,0.536302857,0.638395815,0.470995787,0
20190909,51.58,1.09,50.92533333,-0.554273616,103.8626014,0.442431111,1.194103216,0.933676244,0
20190910,51.15,-0.43,50.92533333,-0.440864963,96.0254091,0.5084,0.428803662,0.317885013,1
20190911,51.11,-0.04,48.40266667,-0.35017881,87.6506107,0.498461538,0.290421178,0.207278943,1
20190912,50.79,-0.32,48.40266667,-0.300664829,56.72853796,0.496428125,0.092201632,0.040377951,1
20190916,51.16,0.37,48.40266667,-0.228929775,61.89975425,0.439431034,-0.084652101,-0.095321003,0
20190917,49.97,-1.19,48.40266667,-0.265046986,38.97241015,0.4585275,0.166513161,0.088686268,1
20190918,50.04,0.07,48.40266667,-0.284739422,17.70190594,0.393112121,-0.43594752,-0.388257473,0
20190919,50.19,0.15,48.40266667,-0.284957263,-5.101734151,0.474721053,-0.338928782,-0.311514454,0
20190920,50.07,-0.12,48.40266667,-0.29145321,2.867581876,0.46779697,-0.257679956,-0.246404235,1
20190923,49.18,-0.89,48.40266667,-0.364218374,8.424925988,0.573503333,0.055239107,-0.017779307,1
20190924,49.87,0.69,48.40266667,-0.362034745,24.55422962,0.49475,-0.130186402,-0.149776228,0
20190925,49.04,-0.83,48.40266667,-0.422409,16.41715799,0.435821951,-0.119595048,-0.152718016,1
20190926,48.49,-0.55,48.40266667,-0.508771632,7.642458169,0.409738235,-0.248909297,-0.256300068,1
20190927,48.58,0.09,48.40266667,-0.563457209,-10.29281706,0.54368125,-0.581073369,-0.512388853,0
20190930,48.78,0.2,48.40266667,-0.583926453,7.769709413,0.497404348,-0.483606655,-0.435579395,0
20191008,48.42,-0.36,48.40266667,-0.622027126,15.66485499,0.464295349,-0.489706386,-0.440275574,1
20191009,48.09,-0.33,48.40266667,-0.671114239,26.32839669,0.547482222,-0.468329286,-0.433382769,1
20191010,49,0.91,48.40266667,-0.629332185,48.79771468,0.629210204,-0.329192152,-0.316479097,0
20191011,48.43,-0.57,48.40266667,-0.634895167,61.03196915,0.427608889,-0.177310384,-0.204313815,1
20191014,48.85,0.42,48.40266667,-0.598514082,73.72881639,0.608135714,-0.083571891,-0.127877503,0
20191015,48,-0.85,48.40266667,-0.630995978,41.25253085,0.4612,-0.167303127,-0.202203418,1
20191016,47.52,-0.48,48.40266667,-0.687544517,18.637593,0.387282222,-0.226117905,-0.253723727,1
20191017,47.52,0,48.40266667,-0.724013663,-9.292863437,0.434768966,-0.606072051,-0.538671432,1
20191018,46.9,-0.62,48.40266667,-0.793794177,-15.40057185,0.48685,-0.185740512,-0.229978212,1
20191021,46.57,-0.33,48.40266667,-0.865744219,2.091870205,0.550628571,-0.441217631,-0.426433598,1
20191022,46.8,0.23,48.40266667,-0.893901726,14.2077575,0.508927273,-0.666947981,-0.589369255,0
20191023,46.6,-0.2,48.40266667,-0.921729952,19.76578539,0.442170968,-0.699843941,-0.613808549,1
20191024,46.66,0.06,48.40266667,-0.928242323,18.33815282,0.530422857,-0.686009769,-0.603536819,0
20191025,47.04,0.38,48.40266667,-0.892452958,24.32991996,0.431617241,-0.622594195,-0.556309225,0
20191028,47.3,0.26,48.40266667,-0.833501712,53.41766758,0.495630303,-0.443905948,-0.420196224,0
20191029,47.15,-0.15,48.40266667,-0.789782055,71.77723633,0.523813462,-0.414914636,-0.396696493,1
20191030,43.96,-3.19,48.40266667,-1.001001332,38.82844742,0.421790196,0.936032442,0.513669656,1
20191031,42.85,-1.11,43.748,-1.243626107,-3.504815217,0.429362791,0.225083107,-0.009519014,1
20191101,43.57,0.72,43.748,-1.362108467,-11.69185246,0.550632353,-0.274474455,-0.343530714,0
20191104,43.43,-0.14,43.748,-1.450582015,13.63090564,0.341937838,-0.426317875,-0.445028054,1
20191105,43.95,0.52,43.748,-1.461886567,37.38401803,0.381647059,-0.162933804,-0.262113047,0
20191106,44.31,0.36,43.748,-1.425365785,39.95556472,0.503145833,0.064210607,-0.093561377,0
20191107,44.68,0.37,43.748,-1.350993482,48.89683959,0.488496053,0.065607394,-0.085814176,0
20191108,44.88,0.2,43.748,-1.261374231,53.9256609,0.4783,0.002702214,-0.119973493,0
20191111,43.95,-0.93,43.748,-1.250973117,52.45260209,0.402722727,-0.339320674,-0.377222113,1
20191112,44.1,0.15,43.748,-1.21660218,51.94179648,0.311309524,-0.536295331,-0.514959764,0
20191113,43.28,-0.82,43.748,-1.241222076,33.37439383,0.350479545,-0.381880022,-0.41417417,1
20191114,43.52,0.24,43.748,-1.227220889,14.71688902,0.396661364,-0.584333576,-0.551775431,0
20191115,43.12,-0.4,43.748,-1.234174706,-5.319620371,0.51844,-0.51810105,-0.509791226,1
20191118,42.83,-0.29,43.748,-1.248692088,-4.343009379,0.323555556,-0.431301005,-0.454398685,1
20191119,43.74,0.91,43.748,-1.173243403,22.27090911,0.434669444,-0.433868979,-0.450439903,0
20191120,43.1,-0.64,43.748,-1.151815021,27.49271747,0.53190625,-0.595976926,-0.56154577,1
20191121,43.62,0.52,43.748,-1.080418825,52.50043097,0.403326,-0.393145413,-0.42206905,0
20191122,43.82,0.2,43.748,-0.996214752,63.23411988,0.454980952,-0.240336139,-0.310717188,0
20191125,44.87,1.05,43.748,-0.835129342,101.608425,0.424219643,0.352256053,0.109997161,0
20191126,44.6,-0.27,43.748,-0.720944143,101.551019,0.3811,0.097075704,-0.068987064,1
20191127,43.9,-0.7,43.748,-0.679107372,70.63946097,0.532303333,-0.492975345,-0.484895337,1
20191128,43.18,-0.72,43.748,-0.696026057,19.76650564,0.46767619,-0.495404666,-0.492597466,1
20191129,43.39,0.21,43.748,-0.68459738,1.269892015,0.503830952,-0.541658032,-0.524646367,0
20191202,43.15,-0.24,43.748,-0.686986908,-2.534664204,0.408827586,-0.550786726,-0.531191992,1
20191203,43.79,0.64,43.748,-0.629976003,28.07688264,0.429721951,-0.507749806,-0.50082187,0
20191204,44.13,0.34,43.748,-0.551007619,47.22074503,0.492726829,-0.255412897,-0.320966907,0
20191205,44.04,-0.09,43.748,-0.490038001,63.42662043,0.411985714,-0.325605579,-0.368649615,1
20191206,43.71,-0.33,43.748,-0.463010089,47.48918001,0.484690476,-0.264786769,-0.33197322,1
20191209,43.38,-0.33,43.748,-0.462882692,23.72399761,0.528257143,-0.378633519,-0.412577304,1
20191210,43.43,0.05,43.748,-0.45351926,18.2286956,0.433396364,-0.56388928,-0.539116655,0
20191211,44.12,0.69,43.748,-0.385972192,60.82772438,0.565284314,-0.026086185,-0.165012558,0
20191212,43.48,-0.64,49.28566667,-0.379706287,60.36272726,0.553862857,-0.117645372,-0.230627165,1
20191213,43.37,-0.11,49.28566667,-0.379244894,45.79165372,0.355817949,0.581129261,0.240788931,1
20191216,44.13,0.76,49.28566667,-0.313934744,42.93333333,0.386286667,0.392986759,0.119969719,0
20191217,45.04,0.91,49.28566667,-0.186595627,79.14611338,0.431265909,1.143931498,0.680689374,0
20191218,44.7,-0.34,49.28566667,-0.111824573,99.22407949,0.276748889,0.254398022,0.046228507,1
20191219,44.97,0.27,49.28566667,-0.030430448,81.09300604,0.3663775,0.115448715,-0.053297016,0
20191220,46.62,1.65,49.28566667,0.165310596,76.90555993,0.542953571,2.288243066,1.56174361,0
20191223,45.54,-1.08,49.28566667,0.230631236,70.56391272,0.598105405,0.479491186,0.23024978,1
20191224,46.78,1.24,49.28566667,0.378097478,80.31050395,0.487487097,0.753886718,0.441469227,0
20191225,46.85,0.07,49.28566667,0.49490895,71.15923064,0.512645946,1.159602833,0.770102937,0
20191226,46.41,-0.44,49.28566667,0.545688206,76.3782086,0.518980769,0.221192393,0.058135539,1
20191227,46,-0.41,49.28566667,0.546547302,44.78850715,0.462106452,0.212849557,0.048177601,1
20191230,47.64,1.64,49.28566667,0.671818135,62.78110593,0.554681818,1.213089919,0.804497524,0
20191231,47.67,0.03,49.28566667,0.764701914,86.9943724,0.366009677,0.472478689,0.26391907,0
20200102,48.17,0.5,49.28566667,0.868645593,113.8792773,0.447085185,0.785480898,0.514727522,0
20200103,48.04,-0.13,49.28566667,0.929813484,87.77375226,0.525016667,0.446796757,0.266629014,1
20200106,48.28,0.24,49.28566667,0.986286179,69.7548238,0.539316667,0.906695646,0.617212389,0
20200107,48.05,-0.23,49.28566667,1.000943861,55.10271474,0.427654545,0.026050524,-0.057794111,1
20200108,47.28,-0.77,49.28566667,0.93959653,38.70358859,0.346825,0.228432909,0.087344544,1
20200109,47.65,0.37,49.28566667,0.9103404,35.03079107,0.492790698,-0.022127988,-0.100594389,0
20200110,46.92,-0.73,49.28566667,0.818811062,19.28763564,0.31201,0.209087939,0.057823904,1
20200113,51.61,4.69,49.28566667,1.111899916,78.67778184,0.510091045,4.925309083,3.946852873,0
20200114,53.44,1.83,49.28566667,1.474839618,89.74751763,0.609476471,6.032563004,5.202308889,0
20200115,53.31,-0.13,49.28566667,1.732016425,105.2288389,0.448678947,2.390358713,2.01433626,1
20200116,54.09,0.78,49.28566667,1.975992369,75.22366386,0.510672414,2.816820961,2.346632861,0
20200117,57.95,3.86,49.28566667,2.45254341,81.95273586,0.55959697,5.06088567,4.597456389,0
20200120,58.76,0.81,49.28566667,2.862575781,98.63553909,0.557079412,2.414201525,2.281411588,0
20200121,56.72,-2.04,49.28566667,2.988469226,87.96756531,0.587686667,1.297842057,1.230921427,1
20200122,59.27,2.55,49.28566667,3.256465865,86.80572526,0.514064706,2.727489218,2.616491002,0
20200123,59.83,0.56,49.28566667,3.473996385,79.56578744,0.5433125,2.308360996,2.269086774,0
20200203,53.85,-5.98,62.248,3.12779954,37.73519697,0.512776923,0.106633489,0.108121146,1
20200204,56.36,2.51,62.248,3.021146176,16.56533079,0.537883871,3.185776314,2.852530864,0
20200205,60.81,4.45,62.248,3.258142587,44.06012985,0.444274074,4.0892711,4.010817393,0
20200206,60.75,-0.06,62.248,3.401907381,103.6075796,0.383644828,2.418303443,2.371686227,1
20200207,57.9,-2.85,62.248,3.248425013,91.05803211,0.421291304,2.650350257,2.510630062,1
20200210,60.93,3.03,62.248,3.332865608,64.76339346,0.405041053,3.013278545,3.007869601,0
20200211,59.04,-1.89,62.248,3.210272164,42.6049203,0.273355405,1.209619198,1.232487274,1
20200212,59.19,0.15,62.248,3.089604683,57.65672586,0.264737931,1.224357729,1.249420723,0
20200213,57.55,-1.64,62.248,2.829029253,35.51623269,0.266750943,1.679145314,1.639028557,1
20200214,56.9,-0.65,62.248,2.540783212,23.63047145,0.370008,1.382338652,1.31147608,1
20200217,58.48,1.58,62.248,2.412034511,16.0264679,0.345971875,1.367542426,1.328248774,0
20200218,59.47,0.99,62.248,2.362649808,30.99132841,0.45123913,1.580317512,1.573754358,0
20200219,61.91,2.44,62.248,2.49167718,64.6521412,0.374695,3.988462415,4.147168667,0
20200220,68.1,6.19,62.248,3.058160993,110.1830693,0.432920253,6.428889239,7.027781373,0
20200221,67.5,-0.6,62.248,3.419273257,124.937589,0.371029508,4.192442773,4.640234208,1
20200224,66.2,-1.3,62.248,3.55952619,109.4732063,0.453101961,3.072843597,3.38404645,1
20200225,70.85,4.65,62.248,3.999786737,88.59541465,0.407645946,3.642490772,4.170724662,0
20200226,71.7,0.85,62.248,4.366944866,75.86203984,0.429861702,4.970690911,5.957690287,0
20200227,70.05,-1.65,62.248,4.473214684,70.94681752,0.4507,2.090879511,2.589841516,1
20200228,65.37,-4.68,62.248,4.132164374,38.70681274,0.523017241,2.845800643,3.203529784,1
20200302,66.85,1.48,62.248,3.935932201,19.78877743,0.429457143,1.54896943,1.829064773,0
20200303,67.87,1.02,62.248,3.818702639,15.18441088,0.472553571,2.108763548,2.532070435,0
20200304,66.58,-1.29,62.248,3.580432154,15.88712768,0.407128571,1.034076919,1.298003254,1
20200305,66.81,0.23,62.248,3.371297932,17.49166924,0.399218919,0.908219111,1.170948419,0
20200306,65.36,-1.45,62.248,3.053357468,4.654534722,0.370125455,0.645720398,0.889343911,1
20200309,59.45,-5.91,62.248,2.298009726,-2.448632212,0.380816667,2.318654774,2.366364662,1
20200310,60.17,0.72,62.248,1.737460814,3.264408982,0.324445652,2.022995231,1.984588312,0
20200311,58.75,-1.42,62.248,1.16520784,8.682056401,0.426531707,1.509460697,1.53184649,1
20200312,57.03,-1.72,62.248,0.566374794,14.97650852,0.290053846,1.626580206,1.516013721,1
20200313,55.66,-1.37,62.248,-0.018538559,14.1508565,0.446821569,1.405649995,1.232451228,1
20200316,53.88,-1.78,55.77066667,-0.618587043,11.74513396,0.505326866,1.700178889,1.529238309,1
20200317,53.04,-0.84,55.77066667,-1.148669621,11.45087906,0.481660714,1.033915578,0.869402604,1
20200318,52.09,-0.95,55.77066667,-1.626669708,-1.559927973,0.46717551,0.939089735,0.804474134,1
20200319,51.36,-0.73,55.77066667,-2.040867272,3.263030195,0.385539623,1.18974541,0.927449275,1
20200320,52.52,1.16,55.77066667,-2.249587674,18.77271174,0.43295,0.658233789,0.52812167,0
20200323,48.15,-4.37,55.77066667,-2.736082716,15.59247525,0.410518182,1.745854952,1.283543734,1
20200324,49.73,1.58,55.77066667,-2.960019485,21.18105553,0.331735484,1.311552431,0.942737174,0
20200325,52.25,2.52,55.77066667,-2.900710463,38.78989422,0.575864384,2.287660351,1.852023915,0
20200326,54.27,2.02,55.77066667,-2.66004715,82.67180419,0.416302941,2.366354677,2.003415,0
20200327,54.78,0.51,55.77066667,-2.400495585,110.5599823,0.503862903,1.598825837,1.426443631,0
20200330,56.23,1.45,55.77066667,-2.054117627,109.8610939,0.462372671,2.738515305,2.487145576,0
20200331,59.97,3.74,55.77066667,-1.46098256,111.7394075,0.41067193,2.983083109,2.814838379,0
20200401,57.12,-2.85,55.77066667,-1.206976651,87.54941126,0.381600952,3.160327698,2.999385198,1
20200402,56.59,-0.53,55.77066667,-1.036493656,71.16093929,0.474872115,1.643383918,1.482804115,1
20200403,55,-1.59,55.77066667,-1.017950071,44.27994787,0.46046962,0.898844893,0.83124692,1
20200407,56.31,1.31,55.77066667,-0.887319626,42.80235498,0.362121569,1.128317283,1.050009394,0
20200408,55.32,-0.99,55.77066667,-0.85383629,34.32758024,0.407207407,0.442273235,0.427023898,1
20200409,55.65,0.33,55.77066667,-0.791547793,15.27143271,0.421177273,0.485977397,0.480743795,0
20200410,54.57,-1.08,55.77066667,-0.819879622,-7.601113629,0.467610976,0.468892116,0.446420945,1
20200413,55.8,1.23,55.77066667,-0.734613909,-0.611529127,0.373047541,0.131526223,0.16075627,0
20200414,57.92,2.12,55.77066667,-0.49032181,43.51742648,0.419709756,1.643629902,1.551843077,0
20200415,60.14,2.22,55.77066667,-0.116243136,89.97082413,0.459209836,2.476984289,2.471731894,0
20200416,60.01,-0.13,55.77066667,0.167792784,102.3037125,0.514202597,0.853577996,0.92556914,1
20200417,58.8,-1.21,55.77066667,0.291891664,76.26160566,0.393660784,0.752594957,0.815632165,1
20200420,58.86,0.06,55.77066667,0.390580055,54.3369507,0.410801887,0.188116782,0.270707664,0
20200421,59.37,0.51,55.77066667,0.504132726,52.07659115,0.437596939,0.645014922,0.693078661,0
20200422,59.43,0.06,55.77066667,0.592139715,63.20118662,0.42613125,0.349162714,0.424239216,0
20200423,58.25,-1.18,55.77066667,0.560211976,54.51145079,0.537667347,0.286629849,0.371032155,1
20200424,58.73,0.48,55.77066667,0.567103781,43.20018749,0.489305556,0.516041434,0.589711275,0
20200427,56.98,-1.75,55.77066667,0.426439483,0.721982057,0.459010909,0.542717205,0.576701873,1
20200428,56.98,0,59.21566667,0.311372703,8.676484214,0.45884,0.432077689,0.442097605,1
20200429,58,1.02,59.21566667,0.299039781,28.52646049,0.377261842,0.852042325,0.874784964,0
20200430,59.96,1.96,59.21566667,0.442322652,98.31970025,0.424624675,1.471040465,1.487877823,0
20200506,62.18,2.22,59.21566667,0.726634614,126.0728158,0.492948649,1.621094974,1.698798283,0
20200507,60.09,-2.09,59.21566667,0.774381768,105.9067455,0.384530526,1.542921292,1.59550972,1
20200508,59.78,-0.31,59.21566667,0.778236299,69.37210358,0.409418182,0.925125432,0.985136739,1
20200511,58.88,-0.9,59.21566667,0.700592569,37.92574241,0.441736154,1.146746723,1.159218007,1
20200512,59.13,0.25,59.21566667,0.651719646,43.1955211,0.312411828,0.148340875,0.233640171,0
20200513,58.99,-0.14,59.21566667,0.594833799,47.48779788,0.431428378,0.230053339,0.3197781,1
20200514,57.69,-1.3,59.21566667,0.439782678,13.31088664,0.451979208,0.313521662,0.375078387,1
20200515,57.96,0.27,59.21566667,0.334830574,-7.262076138,0.463386765,0.133961877,0.207769934,0
20200518,57.18,-0.78,59.21566667,0.186565186,-18.89666268,0.443988525,0.15667542,0.217334406,1
20200519,58.22,1.04,59.21566667,0.151239709,22.46590216,0.405617778,0.033436027,0.119712298,0
20200520,59.01,0.79,59.21566667,0.184859467,65.02854672,0.52260274,0.847231936,0.905026064,0
20200521,57.15,-1.86,59.21566667,0.060717004,52.33369935,0.424780882,0.343518215,0.390873577,1
20200522,56.03,-1.12,59.21566667,-0.12658227,23.48638785,0.548867273,0.013947452,0.075619913,1
20200525,56.52,0.49,59.21566667,-0.232795864,-4.000836914,0.41960566,-0.362082815,-0.265174704,0
20200526,58.3,1.78,59.21566667,-0.171364396,41.00100692,0.532934286,0.08527896,0.161816539,0
20200527,57.3,-1,59.21566667,-0.201053538,63.290852,0.570888793,0.258869607,0.328928653,1
20200528,57.48,0.18,59.21566667,-0.207664079,62.76236072,0.396225664,-0.055717793,0.024810548,0
20200529,57.41,-0.07,59.21566667,-0.216060781,38.16521933,0.473095,-0.266045939,-0.162946377,1
20200601,59.33,1.92,59.21566667,-0.067014769,69.49454464,0.491898571,0.805312884,0.848409086,0
20200602,61,1.67,59.21566667,0.183742246,95.01308942,0.477774359,1.308892097,1.364903957,0
20200603,59.93,-1.07,59.21566667,0.29275424,96.80382923,0.455276389,0.635901198,0.726526381,1
20200604,60.11,0.18,59.21566667,0.389185242,74.15403344,0.571964557,0.16819071,0.283696773,0
20200605,63.2,3.09,59.21566667,0.706797164,83.39271512,0.542362992,2.00740232,2.103552795,0
20200608,62.79,-0.41,59.21566667,0.914877192,96.79649988,0.55982,0.936288905,1.096282012,1
20200609,61.98,-0.81,59.21566667,1.002861519,88.91019302,0.413743443,1.304682158,1.455400857,1
20200610,61.05,-0.93,59.21566667,0.986178453,51.30690771,0.460489583,1.094668861,1.193268396,1
20200611,62.84,1.79,59.21566667,1.104661197,54.28613261,0.42752069,2.1776252,2.32210975,0
20200612,61.48,-1.36,78.55566667,1.076410798,48.13330423,0.460295699,0.971481982,1.076166966,1
20200615,62.5,1.02,78.55566667,1.123378026,59.31395106,0.500367832,1.204604399,1.346668717,0
20200616,64.1,1.6,78.55566667,1.27500901,74.75618984,0.603903279,1.416217742,1.604161238,0
20200617,64.11,0.01,78.55566667,1.380075918,104.8379072,0.47104878,0.613113492,0.779835654,0
20200618,66.74,2.63,78.55566667,1.656466505,121.5048279,0.453069231,2.163815557,2.440093092,0
20200619,66.99,0.25,78.55566667,1.874077745,92.64322273,0.385555714,1.491108645,1.820275008,0
20200622,68,1.01,78.55566667,2.103783672,86.23495532,0.426530189,1.210529661,1.528232371,0
20200623,71.03,3.03,78.55566667,2.501487361,82.51923739,0.550525,1.948943044,2.408806704,0
20200624,71.7,0.67,78.55566667,2.838018886,92.5643679,0.469556604,1.215437591,1.688549454,0
20200629,70.6,-1.1,78.55566667,2.981591803,83.55623364,0.442540323,0.947058644,1.360914165,1
20200630,71.8,1.2,78.55566667,3.155825948,81.85962366,0.382195062,0.906230742,1.34264373,0
